編號,巷道名稱,長度,實際寬度,受影響建築物之詳細地址,行政區,轄區分隊,分區
1,博愛街2巷,40,1.5,整條巷弄,新營區,新營分隊,紅
2,博愛街75巷,110,3,整條巷弄,新營區,新營分隊,紅
3,建業路81巷,54,2,整條巷內,新營區,新營分隊,紅
4,和平路8巷,75,2,整條巷弄,新營區,新營分隊,紅
5,中正路37巷,220,3,37巷52號-110號,新營區,新營分隊,紅
6,中山路245巷,40,2.5,1-15號,新營區,新營分隊,紅
7,和平路47巷,100,2,整條巷弄,新營區,新營分隊,紅
8,復興路29巷,95,3,整條巷弄,新營區,新營分隊,紅
9,三民路140巷,140,4,整條巷弄,新營區,新營分隊,紅
10,民族路150巷,270,4,整條巷弄,新營區,新營分隊,紅
11,大公街78巷,60,3,整條巷弄,新營區,新營分隊,紅
12,中正路39巷,260,3.5,整條巷弄,新營區,新營分隊,紅
13,信義街53巷,160,3,整條巷弄,新營區,新營分隊,紅
14,民族路9號巷弄,95,3,9-1至9-18號,新營區,新營分隊,紅
15,民治路18巷,220,3,整條巷弄,新營區,新營分隊,紅
16,民治路26巷,170,3,整條巷弄,新營區,新營分隊,紅
17,民生路139巷,140,3,整條巷弄,新營區,新營分隊,紅
18,南紙街82巷,80,3,整條巷弄,新營區,新營分隊,紅
19,復興路135巷,200,5,整條巷弄,新營區,新營分隊,黃
20,中華路52巷,170,4.5,整條巷弄,新營區,新營分隊,黃
21,公誠街3巷,200,4.5,整條巷弄,新營區,新營分隊,黃
22,義和街8巷,180,4.5,整條巷弄,新營區,新營分隊,黃
23,民治路230巷,280,5,整條巷弄,新營區,新營分隊,黃
24,進修街29巷,200,5,整條巷弄,新營區,新營分隊,黃
25,忠義街,290,4.5,整條巷弄,新營區,新營分隊,黃
26,武侯街,270,4.5,整條巷弄,新營區,新營分隊,黃
27,中原街,130,5,整條巷弄,新營區,新營分隊,黃
28,建業路227巷16弄,40,4,建業路227巷16弄1-20號,新營區,新營分隊,藍
29,東興3街22巷,40,4,東興3街22巷1-46號,新營區,新營分隊,藍
30,民治路53巷,40,4,"民治路53巷3,5,7號",新營區,新營分隊,藍
31,民生路385巷,50,5,民生路385巷13弄1-9號,新營區,新營分隊,藍
32,博愛街43號旁巷道,130,2.5,43-65號,柳營區,柳營分隊,紅
33,中山西路二段106號,100,2.5,106.110.311.306.2.303.306.1.306.3.319.其餘無門牌,柳營區,柳營分隊,紅
34,柳營路三段420巷23號,50,3,1至35號,柳營區,柳營分隊,紅
35,光福里273之9號巷道,160,2.5,272-286號,柳營區,柳營分隊,紅
36,士林里91之32號巷道,100,6,91之31號.91之11號.91號.91之27號.其餘無門牌,柳營區,柳營分隊,黃
37,成功街198號旁巷道,200,2,264.265.266.267.268.269其餘無門牌,柳營區,柳營分隊,紅
38,成功街240號旁巷道,100,2.5,85-98號,柳營區,柳營分隊,紅
39,成功街136巷道,300,2.5,1-30號,柳營區,柳營分隊,紅
40,成功街110巷道,220,2.5,1-15號,柳營區,柳營分隊,紅
41,中山西路二段133號旁巷道,150,4,2-50號,柳營區,柳營分隊,紅
42,中山西路一段117號旁巷道,150,3.8,512之10號至512之79號,柳營區,柳營分隊,紅
43,十美街518巷道,80,3.5,516.520.276之16號至276之30號,柳營區,柳營分隊,紅
44,十美街537號巷道,100,5,537之30號.537之37號.537之32號.537之53號.537之55號.537之57號其餘無門牌,柳營區,柳營分隊,黃
45,成功街38號巷道,180,3,36號.446之2號.458之16號.457號.449之3號其餘無門牌,柳營區,柳營分隊,紅
46,中山西路一段352巷道,130,3,455之5號.454之2號.454之1號.454號其餘無門牌,柳營區,柳營分隊,紅
47,中興街50號前巷道,50,2,41號.47號.298號其餘無門牌,柳營區,柳營分隊,紅
48,中山西路三段488號旁巷道,60,3,1至30號,柳營區,柳營分隊,紅
49,士林街18號旁巷道,100,2,全部無門牌.,柳營區,柳營分隊,紅
50,大農里25之4號,100,2,18之5號.17之3號.25之4號其餘無門牌.,柳營區,柳營分隊,紅
51,太康里中壇府正前巷,100,2.5,141之1號其餘無門牌,柳營區,柳營分隊,紅
52,太康里171號左側巷道,30,2,174之1號至174之16號,柳營區,柳營分隊,紅
53,太康里97號前巷,120,2.5,165之26號.167之2號.168之1號.170之1號至170之15號,柳營區,柳營分隊,紅
54,柳營路一段662巷31弄1號旁,85,5,1至50號,柳營區,柳營分隊,黃
55,義士路一段312號巷,60,2.5,1-8號,柳營區,柳營分隊,紅
56,義士路一段832巷,300,3,1至59號.117.125.127號,柳營區,柳營分隊,紅
57,義士路一段386巷,80,2.5,1-26號,柳營區,柳營分隊,紅
58,義士路一段350巷,60,2.5,1至9號.其餘無門牌,柳營區,柳營分隊,紅
59,義士路一段328巷,60,2.5,1-23號,柳營區,柳營分隊,紅
60,義士路一段375巷,60,3,373.5.7.9號.其餘無門牌,柳營區,柳營分隊,紅
61,十美街410巷,80,4,276之129號至276之134號,柳營區,柳營分隊,黃
62,十美街236號旁巷道,80,4,455之22號至455之25號.1.3.5.7部分無門牌,柳營區,柳營分隊,黃
63,柳營路二段252巷,60,4,1至21號,柳營區,柳營分隊,黃
64,成功街76巷,150,3,1-30號,柳營區,柳營分隊,紅
65,旭山里新吉庄35號,120,3,35.31.29之8.其餘無門牌,柳營區,柳營分隊,紅
66,柳營區果毅派出所右後側巷道,150,3,205之1號.205號.207號.217之3號.其餘無門牌,柳營區,柳營分隊,紅
67,柳營區果毅里天后宮前巷,260,5,176號至297號,柳營區,柳營分隊,黃
68,柳營區果毅農會右側巷道,130,3,205之1號.205號.207號.217之3號.其餘無門牌,柳營區,柳營分隊,紅
69,柳營區果毅農會前方巷道,200,3,全部無門牌,柳營區,柳營分隊,紅
70,柳營區果毅里190號右側,130,2,215號.218之2號.216之1號.其餘無門牌,柳營區,柳營分隊,紅
71,"柳營區果毅後玉記商號右側巷旁",200,3,124號.126號.146之2號.145號其餘無門牌,柳營區,柳營分隊,紅
72,果毅里36號旁巷,150,3,43.47之1號.143號.其餘無門牌,柳營區,柳營分隊,紅
73,武廟路一銀巷,100,1.3,武廟路8號、武廟路10巷2號至7號,鹽水區,鹽水分隊,紅
74,中山路3巷,300,2.3,中山路3巷2號至15號,鹽水區,鹽水分隊,紅
75,中山路4巷,150,2.5,中山路4巷1號至9號,鹽水區,鹽水分隊,紅
76,西門路12巷,100,2.3,西門路12巷1號至3號,鹽水區,鹽水分隊,紅
77,朝琴路55巷,200,2.1,朝琴路55巷1號至23號,鹽水區,鹽水分隊,紅
78,忠義路,50,3.7,忠義路6號至14號,鹽水區,鹽水分隊,紅
79,後厝,50,2,鹽水區福得里後厝五十一號之三十八至五十一號之五十六,鹽水區,鹽水分隊,紅
80,三福路二十四巷,80,5.2,1號至20號,鹽水區,鹽水分隊,黃
81,民生街,50,4,20號至38號,鹽水區,鹽水分隊,黃
82,忠義路,250,6.7,1之1號至1之13號,鹽水區,鹽水分隊,黃
83,土溝里竹子腳133號旁巷道,79,3,土溝里竹子腳133-149號,後壁區,後壁分隊,紅
84,土溝里120號旁巷道,47,4,土溝里96至124號,後壁區,後壁分隊,紅
85,竹新里竹圍後20號旁巷道,120,3,竹新里竹圍後20至26號,後壁區,後壁分隊,紅
86,後壁里170-23號前巷道,120,5,後壁里170-15至25號,後壁區,後壁分隊,黃
87,墨林里241號前巷道,47,5,墨林里230至243號,後壁區,後壁分隊,黃
88,頂安里41號旁巷道,114,6,頂安里41-11至41-50號,後壁區,後壁分隊,黃
89,烏樹里78-5號旁巷道,150,3,烏樹里82號至84-12,後壁區,後壁分隊,紅
90,烏樹里123號旁巷道,150,3,烏樹里123號至129號,後壁區,後壁分隊,紅
91,東中里民治街,125,3,3.5.7.8.9.11.13.15.17.19.21.23.25.27.29. 40.42.46.48.50.52,東山區,東山分隊,紅
92,東中里中興路68巷,95,2.2,2.3.5.6.7.8.9.10.11.12.13.15.16.17.18.19.20.21.22.23.25.26.27.28.29.30.32,東山區,東山分隊,紅
93,東山里明智街,135,3,133.134.135.136.143,東山區,東山分隊,紅
94,東山里217巷弄,60,2.5,217-1.2.3.4.5.6.7.8,東山區,東山分隊,紅
95,高原里車關寮20之2號,140,3,20之2~28號,東山區,東原分隊,紅
96,東原里瓦厝仔10之1號,125,3,6之6~10之1號,東山區,東原分隊,紅
97,東原里前大埔48-3號(東原老街),120,4,48之4~54之1號,東山區,東原分隊,黃
98,東原里前大埔68之2號,110,5,69~76號,東山區,東原分隊,藍
99,康樂路(一),60,4以下,1-6～1-9、1-100～1-105、1-120、3-12～3-20號,白河區,白河分隊,紅
100,康樂路(二),102,4以下,新起街156巷1、2、3號、康樂路1-14～1-21、1-29～1-36、1-60號,白河區,白河分隊,紅
101,十全街,105,4以下,10～21、23、29～53等單數號,白河區,白河分隊,紅
102,新富街,96,4以下,2、2-2、6、6-1、6-2、6-3、8、8-1、8-2、8-3、10、12、14、16、18、20、22號,白河區,白河分隊,紅
103,文明街,225,4以下,1～21、1-1、11-1、11-2、11-4、23～29、33、35、37、39、41、41-3、43、58、60、62、64、66、68、70、72、74號,白河區,白河分隊,紅
104,安和街,74,4以下,1、3、5、7、9、11、12、19號,白河區,白河分隊,紅
105,南昌街16巷,53,4以下,2.4.6.8.10-11.12.14等號,白河區,白河分隊,紅
106,康樂路30巷,45,4以下,1、2、2-1、2-2、2-3、4、6、8、10號,白河區,白河分隊,紅
107,七賢街,117,6,27、29、42、42-1、46～49、51號,白河區,白河分隊,黃
108,七賢街45巷,112,6,1～11、19、20及12弄等號,白河區,白河分隊,黃
109,富民路356巷,73,6,1.2.3.5.6.7.8.9.10.11.12.14號,白河區,白河分隊,黃
110,仁愛路,175,3.6,仁愛路29巷,麻豆區,麻豆分隊,紅
111,興國路,292,3.8,興國路38巷,麻豆區,麻豆分隊,紅
112,光復路,51,3,光復路82號,麻豆區,麻豆分隊,紅
113,平等路,208,3.7,平等路87~135號(平安宮旁),麻豆區,麻豆分隊,紅
114,新生南路,218,3.7,新生南路22巷,麻豆區,麻豆分隊,紅
115,光復路　,54,5,光復路106號,麻豆區,麻豆分隊,黃
116,自強街,159,4.4,自強街1之17~1之21號;4之7~4之10號;5~5之12號,麻豆區,麻豆分隊,黃
117,新生北路　,297,4.6,新生北路82巷,麻豆區,麻豆分隊,黃
118,復興街,587,5.2,復興街,麻豆區,麻豆分隊,黃
119,民權路,228,5.6,民權路18巷,麻豆區,麻豆分隊,黃
120,和平路,91,4.9,和平路3之3~3之11號,麻豆區,麻豆分隊,黃
121,民權路,481,5.3,民權路91巷,麻豆區,麻豆分隊,黃
122,忠孝路,139,5,忠孝路45之3~45之23號;45之29~45之48號,麻豆區,麻豆分隊,黃
123,新生南路,120,4.7,新生南路33巷,麻豆區,麻豆分隊,黃
124,民權路,200,4.7,民權路68之1~39號,麻豆區,麻豆分隊,黃
125,賀建里火燒珠9號旁,70,3,6.7.7之2.36.38.39.34之1號,下營區,下營分隊,紅
126,東興一街125巷,60,3,3.8.9號,下營區,下營分隊,紅
127,玄德街43巷,50,3,8.10.12.18.5.9.13.15.17.21號,下營區,下營分隊,紅
128,中山路一段148巷,80,3,1.13.21號,下營區,下營分隊,紅
129,復興街51號附近,70,3,28.32.38.47.50.51.60.65.72.76號,下營區,下營分隊,紅
130,宅內街,100,3,5.19.41.43.47.51.53.55.59.69.22.32.36.46.48.50.56.68.70.72.76.86.88.96號,下營區,下營分隊,紅
131,紅厝里16號,50,3,17.18.19.20.21.21之1號,下營區,下營分隊,紅
132,文化街21巷,40,3,1.3.7.9.10號,下營區,下營分隊,紅
133,中正南路106巷,60,3,1.2.6號,下營區,下營分隊,紅
134,中正南路205巷,50,3,2.6.8.10.12.20.28.3.5.7.9.11.11之1.11之2.13.15.19.21.23.25.29號,下營區,下營分隊,紅
135,人和三街71巷,50,3,1.3.5.15.17.19.21.23.25.33.35.37.39.41.51.53.8.10.12.16.18.20.22.62.66.70.80.86.88號,下營區,下營分隊,紅
136,中營里1090號附近,50,3,1058.1062.1063.1072.1076.1085.1088之1.1088之2.1090號,下營區,下營分隊,紅
137,中營里1082號附近,50,3,1074.1080.1082.1086.1087號,下營區,下營分隊,紅
138,開化里410號附近,50,3,384.389.390.407.409.404.399號,下營區,下營分隊,紅
139,開化里560號附近,50,3,554.555.556.615.617.618.619號,下營區,下營分隊,紅
140,茅港里709號附近,50,3,703.704.707.708.708之1號,下營區,下營分隊,紅
141,茅港里757號附近,50,3,758.758之1.2.3.4.5.6.759.759之1號,下營區,下營分隊,紅
142,茅港里786號附近,50,3,789.792.1121.1122.1125.1126.1128.1132號,下營區,下營分隊,紅
143,茅港里847之1號附近,50,3,734.806.808.810.811.815.817.835.837.838.838之1.847號,下營區,下營分隊,紅
144,茅港里722號附近,50,3,704.705.706.707.713號,下營區,下營分隊,紅
145,中營里菜市場,50,5,1110.1111.1113之1.1115.1117.1137.1138.1139.1134.1167.1168.1170.1171.1172號,下營區,下營分隊,黃
146,文化街17巷,40,1.5,2.4.6.8號,六甲區,六甲分隊,紅
147,仁愛街60巷,40,2,15.17號及4弄1.3.5號,六甲區,六甲分隊,紅
148,忠孝街53巷,40,1.5,2.4.6.8.10.12.14.16號,六甲區,六甲分隊,紅
149,裕農街49巷,40,2,12.12之1.12之2.16.16之1.18.18之1號,六甲區,六甲分隊,紅
150,忠孝街146巷,35,2,15.17.21.23.25號,六甲區,六甲分隊,紅
151,復興街12巷,40,2,1.2.3.4.5.6.8.10號,六甲區,六甲分隊,紅
152,永安街3巷,35,2,19至29號.16號,六甲區,六甲分隊,紅
153,忠孝街49巷,40,1.5,1.1之1.2.3.4.6號,六甲區,六甲分隊,紅
154,中興街,40,1.5,1.3.4.8號,六甲區,六甲分隊,紅
155,中山路206巷,35,3,11至26號,六甲區,六甲分隊,紅
156,裕農街2巷11弄,40,2,1.2.3.4.5.6.7.9號,六甲區,六甲分隊,紅
157,民權街228巷,40,3,20號,六甲區,六甲分隊,紅
158,中山路209巷,40,3,7.9.21.37號,六甲區,六甲分隊,紅
159,民權街282巷,40,2,24.26.28.30.32.34.36.38.40.42.44.46號,六甲區,六甲分隊,紅
160,龜港里161巷,150,3,75號,六甲區,六甲分隊,紅
161,七甲街166巷,45,2,7.11.13.15號,六甲區,六甲分隊,紅
162,中華路208巷,40,3,2.8號,六甲區,六甲分隊,紅
163,仁愛街83巷,45,2,2.4.6.8.10號,六甲區,六甲分隊,紅
164,仁愛街49巷13弄,40,2,1.3號,六甲區,六甲分隊,紅
165,忠孝街217巷,40,2,16.18.20號,六甲區,六甲分隊,紅
166,復興街1巷,40,2,5.7.9號,六甲區,六甲分隊,紅
167,中華路99巷,50,4.5,1至8號、2之9號及10弄1之12號、2至13號,六甲區,六甲分隊,黃
168,隆本里中華路二段83巷2弄,56,3,1~37號,官田區,官田分隊,紅
169,隆本里中華路二段83巷5弄,110,3,1~53號,官田區,官田分隊,紅
170,隆本里中華路二段15巷18弄,152,3,15~48號,官田區,官田分隊,紅
171,隆本里中華路二段83巷39弄,180,3,43~133號,官田區,官田分隊,紅
172,二鎮里,180,3,110-25~110-46號,官田區,官田分隊,紅
173,二鎮里,106,6,111-2.111-12.109-24-30,官田區,官田分隊,黃
174,二鎮里,52,3,55.55-1.55-2.56.56-1號,官田區,官田分隊,紅
175,二鎮里,220,6,87-29 87-103號,官田區,官田分隊,黃
176,南?里,40,3,33~21號~33-42號34-20號34~35號,官田區,官田分隊,紅
177,南?里,82,3,37號37~23號,官田區,官田分隊,紅
178,南?里,346,3,41~1號35-13號45號45~1號59號60號69號70號71~1號62~1號75號76號,官田區,官田分隊,紅
179,南?里,40,3,35~3號~35-11號33~29號33~36號,官田區,官田分隊,紅
180,湖山里,700,3,1~1.5~1.7~1.7~6.9.9~1.12~1.12~2.10~2.28~20.28~21.28~22.28~23.18~1.18~3.18~4.19~1.19~4.25~2號,官田區,官田分隊,紅
181,湖山里,252,3,40~1.41~1.40.41~2.65~3.65~1.55.55~1.70~5.64~2,官田區,官田分隊,紅
182,湖山里,172,3,99-6.99-8.99-11.100-5號,官田區,官田分隊,紅
183,南?里,120,6,三結義15-8號-15-60號,官田區,官田分隊,黃
184,中山路一段55巷,72,6,25~39號,官田區,官田分隊,黃
185,官田里,132,3,14-20至14-37號,官田區,官田分隊,紅
186,官田里,262,6,59-1~ 59-61號,官田區,官田分隊,黃
187,東庄里、西庄里,326,3,東庄里西庄97號至136-1號：西庄里西庄10號至49-1號,官田區,官田分隊,紅
188,東庄里、西庄里,280,3,東庄里西庄164號至181-1號：西庄里西庄57號至95-1號,官田區,官田分隊,紅
189,渡頭里,246,3,123.123-1.123-2.124.124-1.144.144-1.144-5.144-6.164.165.166.145.160.160-5.161.162.146.1-44號,官田區,官田分隊,紅
190,湖山里,80,3,80.81.81-3.81-4.81-5.82號,官田區,官田分隊,紅
191,隆本里信義街二段67巷18弄,192,3,8號~36號.1號~17號及18弄20號~36號,官田區,官田分隊,紅
192,隆田里,230,3,中興路一巷1.2.3.4弄1號~11號49~69號,官田區,官田分隊,紅
193,隆田里中山路二段137巷,86,3,2~20號,官田區,官田分隊,紅
194,隆田里中山路二段53巷.85巷2弄,320,3,1~42號,官田區,官田分隊,紅
195,民權路39巷,80,3.7,民權路39巷1→13號,玉井區,玉井分隊,紅
196,大道街,80,3.5,大道街內,玉井區,玉井分隊,紅
197,太子街,100,3.8,太子街內,玉井區,玉井分隊,紅
198,中正路51巷,110,3.3,中正路51巷內,玉井區,玉井分隊,紅
199,中正路173巷,120,2.5,中正路173巷內,玉井區,玉井分隊,紅
200,中正路209巷,60,3,中正路209巷1→4號,玉井區,玉井分隊,紅
201,中華路82巷,120,2,中華路82巷內,玉井區,玉井分隊,紅
202,民主街66巷,60,3.2,民主街66巷內,玉井區,玉井分隊,紅
203,中華路151巷,110,3.4,中華路151巷1.3.5.7弄內,玉井區,玉井分隊,紅
204,中山路204巷,60,3.8,中山路204巷內,玉井區,玉井分隊,紅
205,和平街160巷,30,3,和平街160巷內,玉井區,玉井分隊,紅
206,仁愛街26巷,30,3,仁愛街26巷內,玉井區,玉井分隊,紅
207,健康街142巷,260,2.5,健康街142巷內,玉井區,玉井分隊,紅
208,健康街122巷,160,2,健康街122巷內,玉井區,玉井分隊,紅
209,健康街100巷,60,3.2,健康街100巷內8戶,玉井區,玉井分隊,紅
210,中正路516巷,200,3.2,中正路516巷內,玉井區,玉井分隊,紅
211,仁愛街180巷,22,5.8,"仁愛街180巷2~12號 文化大廈大樓(仁愛街180巷6號)",玉井區,玉井分隊,藍
212,大智街158巷,40,4,大智街158巷內,玉井區,玉井分隊,黃
213,楠西區公有市場,120,4,東勢路153巷2.4.6.8.10.12.14.16.18.20.22.24.28號等13戶,楠西區,楠西分隊,黃
214,曾文宿舍區,200,4,水庫路單號41~60號等20戶,楠西區,楠西分隊,黃
215,油車,85,2,鹿田里油車78~88號,楠西區,楠西分隊,黃
216,油車,80,2,鹿田里油車91~96號,楠西區,楠西分隊,黃
217,江家古厝,85,4,鹿田里鹿陶洋75~89號,楠西區,楠西分隊,黃
218,南化里29之6號巷道,80,4,南化里29之6號~29之19號,南化區,南化分隊,紅
219,中坑里68號巷道,40,4,中坑里68號~74號,南化區,南化分隊,紅
220,玉山里32號,150,4,玉山里3鄰32號~36號,南化區,南化分隊,紅
221,西埔里67號巷道,40,6,西埔里67號~86號,南化區,南化分隊,黃
222,玉山里17之1號巷道,25,6,玉山里17號~31號,南化區,南化分隊,藍
223,進學路250巷,143,4,1-15號,佳里區,佳里分隊,紅
224,中和街29巷9號,90,3,1-32號,佳里區,佳里分隊,紅
225,中山路310巷7號,60,3,7-22號,佳里區,佳里分隊,紅
226,子龍里111號,111,3,111、128、119、121、126、122,佳里區,佳里分隊,紅
227,子龍里74-1號對面,69,3,215、209、211、212,佳里區,佳里分隊,紅
228,仁愛路202巷,61,4,1-10號,佳里區,佳里分隊,紅
229,佳化里140之1號,82,3,139-140-1號,佳里區,佳里分隊,紅
230,興化里525號,183,3,517-525號,佳里區,佳里分隊,紅
231,進學路178巷,52,5,1-6號,佳里區,佳里分隊,黃
232,文化路457巷9號,177,6,1-28號,佳里區,佳里分隊,黃
233,文化路612巷12弄,150,6,1-62號,佳里區,佳里分隊,黃
234,興化里446之2號,81,5,446-480-1號,佳里區,佳里分隊,黃
235,忠財天廈一期大樓,20,6,新生路441巷29號,佳里區,佳里分隊,藍
236,忠財天廈二期大樓,20,6,新生路441巷19號,佳里區,佳里分隊,藍
237,慶安路186巷,200,6,慶安里慶安路186巷4-18號,西港區,西港分隊,黃
238,中山路448巷,180,6,西港里中山路448巷1-15號,西港區,西港分隊,黃
239,慶安路97巷7弄,60,6,慶安路97巷7弄1-10號,西港區,西港分隊,黃
240,新復里新港顯昌眼鏡公司前巷道,90,6,新港28.29.31.31-2.31-5.31-7~9.號,西港區,西港分隊,黃
241,劉厝里69-3號旁巷道,100,6,劉厝里69.69-1~2號,西港區,西港分隊,黃
242,劉厝里蚶西港11-22號旁巷道,190,6,蚶西港12-1.12-8.13-5號,西港區,西港分隊,黃
243,永樂里大塭寮15號旁巷道,90,6,大塭寮13.13-1號,西港區,西港分隊,黃
244,新復里新港36號旁巷道,90,6,新港46.48.51號,西港區,西港分隊,黃
245,劉厝里96-2號旁巷道,120,6,劉厝里91.94.96號,西港區,西港分隊,黃
246,永樂里大塭寮保安宮東側巷道,160,6,大塭寮54.63.63-1.63-2.64號,西港區,西港分隊,黃
247,新復里新港38號旁巷道,90,6,新港42.43.43-1號,西港區,西港分隊,黃
248,永樂里大塭寮保安宮前西側巷道,120,6,大塭寮126.127號,西港區,西港分隊,黃
249,樹林里97號周邊,110,3.64,樹林里96-97號,七股區,七股分隊,紅
250,城內里文衡殿旁,500,3.55,城內里14-28號,七股區,七股分隊,紅
251,大埕里佛龍宮旁,180,4.7,大埕里233-244號,七股區,七股分隊,黃
252,中山路76巷,100,2,3至21、14至26號,學甲區,學甲分隊,紅
253,中學路17巷,80,4,1至10號,學甲區,學甲分隊,紅
254,中學路33巷,80,4,1至20號,學甲區,學甲分隊,紅
255,和平路298巷,100,2,1至9、2至4號、另宮西路４戶,學甲區,學甲分隊,紅
256,華宗路393巷,110,2,17至19、濟生路1戶、4至28、92至118號,學甲區,學甲分隊,紅
257,華宗路421巷,110,2,1至7、綿和路1戶、2至38、56至58號,學甲區,學甲分隊,紅
258,建國路55巷,15,4,7-1至7-6、6-1至6-6,學甲區,學甲分隊,紅
259,華宗路396巷,150,2,1至29、2至28,學甲區,學甲分隊,紅
260,民族路45巷,110,2,9、11-2、6至14,學甲區,學甲分隊,紅
261,中學路16巷,100,6,1至37號，2至32號,學甲區,學甲分隊,黃
262,中學路32巷,130,6,1至43號，2至48號,學甲區,學甲分隊,黃
263,中山路50巷,80,6,1至10號,學甲區,學甲分隊,黃
264,長沙里東邊巷道,160,2.5,31～45-1號,將軍區,將軍分隊,紅
265,長沙里北邊巷道,120,2.5,36～81號,將軍區,將軍分隊,紅
266,長沙里南邊巷道,150,2.5,53～68-3號,將軍區,將軍分隊,紅
267,長沙里西邊巷道,185,2.5,92～100號,將軍區,將軍分隊,紅
268,平沙里東邊巷道,170,2.5,51-1～118-1號,將軍區,將軍分隊,紅
269,平沙里南邊巷道,110,2.5,48～88號,將軍區,將軍分隊,紅
270,平沙里西邊巷道,146,2.5,51-2～72-3號,將軍區,將軍分隊,紅
271,鯤鯓里東邊巷道,120,2.5,6～84號,將軍區,將軍分隊,紅
272,鯤鯓里西邊巷道,150,2.5,50～102號,將軍區,將軍分隊,紅
273,鯤溟里東邊巷道,120,2.5,43～51-1號,將軍區,將軍分隊,紅
274,鯤溟里南邊巷道,95,2.5,70～84號,將軍區,將軍分隊,紅
275,鯤溟里西邊巷道,95,2.5,95-1～101-1號,將軍區,將軍分隊,紅
276,鯤溟里北邊巷道,205,2.5,1-1～102-1號,將軍區,將軍分隊,紅
277,永隆里47號,120,3.1,永隆里47號至73-1號,北門區,北門分隊,紅
278,永隆里18號,300,2.9,永隆里18號至37號,北門區,北門分隊,紅
279,三光里322號,200,3.2,三光里322號至373號,北門區,北門分隊,紅
280,東壁里蚵寮367號,250,2.2,東壁里蚵寮367號至433號,北門區,北門分隊,紅
281,雙春里30號,110,2.4,雙春里30號至35號,北門區,北門分隊,紅
282,北門里舊埕5號,270,2,北門里舊埕5號至72號,北門區,北門分隊,紅
283,永華里井仔腳南天宮巷道,250,6,永華里井仔腳28號至井仔腳35號,北門區,北門分隊,黃
284,三光里153號,250,6,三光里153號至186號,北門區,北門分隊,黃
285,東壁里蚵寮644號,160,6,東壁里蚵寮644號至731號,北門區,北門分隊,黃
286,光華街214巷,90,3.5,1.2.3.4.6.7.8.9.11.13.號、5弄1.2.3.4.5號及15弄2.4.6.8號,新市區,新市分隊,紅
287,光華街234巷,90,3.2,1.2.3.4.5.6.7.8.9.10.11.12.13.14.15.16.17.18.19.20.21.22.23.24.25號,新市區,新市分隊,紅
288,善化區六德里六分寮294號旁巷道,120,2,六德里六分寮294至296號,善化區,善化分隊,紅
289,善化區東昌里東勢寮27號旁巷道,150,2,東昌里東勢寮27至95-1號,善化區,善化分隊,紅
290,善化區東昌里東勢寮32號旁巷道,80,2,東昌里東勢寮38至38-1號,善化區,善化分隊,紅
291,善化區東昌里東勢寮47號旁巷道,120,2,東昌里東勢寮43至47號,善化區,善化分隊,紅
292,善化區東隆里東勢寮204-5號旁巷道,60,2,東隆里東勢寮204至204-5號,善化區,善化分隊,紅
293,善化區19-1號旁巷道,50,2,溪美里溪尾19至22號,善化區,善化分隊,紅
294,善化區光文里北仔店207號旁巷道,80,6,光文里北仔店207巷2號至10號,善化區,善化分隊,藍
295,善化區光文里北仔店298號旁巷道,120,6,光文里北仔店298號至338號,善化區,善化分隊,藍
296,善化區光文里北仔店46號旁巷道,80,6,光文里北仔店46號旁巷道,善化區,善化分隊,藍
297,善化區光文里光華路128巷,90,6,光文里光華路128巷凱撒陽光大廈,善化區,善化分隊,藍
298,善化區胡厝里胡厝寮194-1號旁巷道,120,6,胡厝里胡厝寮194-1號至190-3號,善化區,善化分隊,藍
299,善化區胡厝里胡厝寮183號旁巷道,70,6,胡厝里胡厝寮184-4號至181號,善化區,善化分隊,藍
300,善化區胡家里胡厝寮64-1號旁巷道,50,6,胡家里胡厝寮64-1號至94-5號,善化區,善化分隊,藍
301,善化區胡家里胡厝寮324-3號旁巷道,100,6,胡家里胡厝寮324-3號至315號,善化區,善化分隊,藍
302,善化區胡厝里胡厝寮227號旁巷道,80,6,胡厝里胡厝寮227號至230號,善化區,善化分隊,藍
303,善化區胡厝里西衛7-16號旁巷道,60,6,胡厝里西衛7-16號至21-1號,善化區,善化分隊,藍
304,善化區坐駕里自強路140巷,120,6,坐駕里自強路140巷1號至20號,善化區,善化分隊,藍
305,善化區坐駕里大成路367巷40弄,40,6,坐駕里大成路367巷40弄1號至5號,善化區,善化分隊,藍
306,善化區文昌里文昌路35巷,46,6,文昌里文昌路35巷16號至40號,善化區,善化分隊,藍
307,蘇厝里80-1~132號,350,3,蘇厝里80-1~132號,安定區,安定分隊,紅
308,蘇厝里85-1~112-37號,255,3.7,蘇厝里85-1~112-37號,安定區,安定分隊,紅
309,蘇厝里20~55號,158,4,蘇厝里20~55號,安定區,安定分隊,紅
310,蘇厝里380~430-8號,315,4,蘇厝里380~430-8號,安定區,安定分隊,紅
311,港南里35~139-6號,234,4,港南里35~139-6號,安定區,安定分隊,紅
312,港南里57~163號,277,4,港南里57~163號,安定區,安定分隊,紅
313,港南里200~348號,160,4,港南里200~348號,安定區,安定分隊,紅
314,港南里329-27~331-20號,125,4,港南里329-27~331-20號,安定區,安定分隊,紅
315,港口里249~272號,304,4,港口里249~272號,安定區,安定分隊,紅
316,港尾里1~115號,448,4,港尾里1~115號,安定區,安定分隊,紅
317,海寮里11~18-3號,274,4,海寮里11~18-3號,安定區,安定分隊,紅
318,南安里2~14-1號,153,3,南安里2~14-1號,安定區,安定分隊,紅
319,新化區中正路369巷,120m,1.5m,中正路369巷1～80號,新化區,新化分隊,黃
320,新化區崙頂里(崙子頂359號旁巷道),200m,1.5m,本社區門牌跳號，巷道呈網狀相連，凡崙子頂的門牌皆屬之,新化區,新化分隊,紅
321,新化區中山路224巷,156m,1.5m,中山路224巷1～41號,新化區,新化分隊,紅
322,新化區中正路542巷,160m,1.5m,中正路542巷1～24號,新化區,新化分隊,紅
323,觀音亭附近巷道,270m,1.5m,中山路272～310號接仁愛街12～63號,新化區,新化分隊,紅
324,中興路104巷,240m,1.5m,中興路104巷1～180號,新化區,新化分隊,紅
325,民族路,150m,1.5m,民族路1～43號,新化區,新化分隊,紅
326,信義路93巷,130m,1.5m,信義路93巷1～25號,新化區,新化分隊,紅
327,信義路117、131巷,350m,1.5m,信義路117巷1～115號接131巷2～120號,新化區,新化分隊,紅
328,佳聖大樓(健康路101巷9號),6m,4m,健康路101巷9號,新化區,新化分隊,藍
329,泰慶大樓(中山路595號),4m,3m,中山路595號,新化區,新化分隊,藍
330,巴黎廣場(信義路169號),20m,4m,信義路169號,新化區,新化分隊,藍
331,福鎮大樓(中正路580巷2號),20m,2.5m,中正路580巷2號,新化區,新化分隊,藍
332,龍門大廈(大新路111巷),20m,4m,大新路111巷,新化區,新化分隊,藍
333,狹小巷道,200M,3M,南洲里159至186號一帶(開靈宮後方),山上區,山上分隊,紅
334,狹小巷道,200M,3M,南洲里215至300號一帶(南洲里農民活動中心至松樹公廟),山上區,山上分隊,紅
335,狹小巷道,200M,3M,山上里75至090號一帶(山上分隊後方至淨水場),山上區,山上分隊,紅
336,狹小巷道,200M,3M,明和里160至220號一帶(朝天宮至明和里活動中心),山上區,山上分隊,紅
337,狹小巷道,200M,3M,明和里北勢洲30至35號一帶(忠盛小吃部至一甲公司),山上區,山上分隊,紅
338,狹小巷道,200M,5M,山上區明和里北勢洲21號一帶(亞獵士公司),山上區,山上分隊,黃
339,石城里26-3號,182,2.6,石城里26號至30號,大內,大內分隊,紅
340,石城里87號,246,1.9,石城里87號等,大內,大內分隊,紅
341,石城里47-2號,152,2,石城里44號至47-2號,大內,大內分隊,紅
342,石城里31-2號,186,2.2,石城里31號至41號,大內,大內分隊,紅
343,石城里122-86號,150,2.4,石城里122-50號至122-102號、石城里122-205號至122-218號,大內,大內分隊,紅
344,石林里211-2號,152,2.9,石林里211-2號至211-5號,大內,大內分隊,紅
345,石林里209-1號,140,2.5,石林里209-1號至209-6號,大內,大內分隊,紅
346,石林里162號,176,2.9,石林里162號至179號,大內,大內分隊,紅
347,石林里134號,139,1.8,石林里134號等,大內,大內分隊,紅
348,石湖里223號,128,2.4,石湖里223號至226號,大內,大內分隊,紅
349,石湖里321號,97,2,石湖里321號至323號,大內,大內分隊,紅
350,石湖里320-2號,97,2.4,石湖里308號至320-2號,大內,大內分隊,紅
351,大內里34號,182,2.8,大內里58號等,大內,大內分隊,紅
352,大內里265-1號,220,2,大內里263-1號至263-7號,大內,大內分隊,紅
353,大內里119-1號,120,3.8,大內里109-1號至120號,大內,大內分隊,紅
354,大內里124號,326,2,大內里124號至129號,大內,大內分隊,紅
355,大內里158號,166,2.2,大內里158號至163號,大內,大內分隊,紅
356,內江里231號,146,3,內江里231號至250號,大內,大內分隊,紅
357,內江里235號,148,2.5,內江里225號至231號,大內,大內分隊,紅
358,內江里220號,190,2.7,內江里174號至220號,大內,大內分隊,紅
359,內郭里30號,138,3.8,內郭里30號至40號,大內,大內分隊,紅
360,內郭里27-1號,206,2.2,內郭里27-1號至27-4號,大內,大內分隊,紅
361,頭社里32號,226,3,頭社里21-31號、34-36號,大內,大內分隊,紅
362,頭社里63號,132,2.5,頭社里46-3~46-8號、68號、68-1~68-6號、81-1號、82-1~82-6號,大內,大內分隊,紅
363,環湖里110-2號,112,1.5,環湖里110-2號,大內,大內分隊,紅
364,環湖里43-2號,118,2,環湖里24、25-2、27、27-1~27-2、36-1、43、44、46、48、,大內,大內分隊,紅
365,環湖里51號,100,2,環湖里47、51、53、54號,大內,大內分隊,紅
366,二溪里163號,96,2,二溪里163號號至178號,大內,大內分隊,紅
367,曲溪里88號,124,3.5,曲溪里69-10.82-1~82-4.69-10.84,大內,大內分隊,紅
368,曲溪里95-2號,480,2.9,曲溪里93號至105-11號,大內,大內分隊,紅
369,曲溪里23號,170,2,曲溪里25-35號,大內,大內分隊,紅
370,石林里135號,230,4.5,石林里135～148號,大內,大內分隊,黃
371,中正里78-15號的巷子,100,5,78-7號至78-15號、68號、82號、83號、87號、85號、85-1號,左鎮區,左鎮分隊,黃
372,中正里79-1號的巷子,50,5,79-1號至79-14號,左鎮區,左鎮分隊,黃
373,中正里86號的巷子,100,5,84、84-1號~84-3號、86號、85-2號,左鎮區,左鎮分隊,黃
374,中正里150-1號的巷子,100,5,150-1號~150-2號、105-12號~105-24號、144號~147號,左鎮區,左鎮分隊,黃
375,中正里156-10號的巷子,100,5,150-3號~150-11號、152號、156-1號~156-17號,左鎮區,左鎮分隊,黃
376,中正里163號的巷子,300,5,163號、163-1號、162-6號、157號,左鎮區,左鎮分隊,黃
377,中正里165-5號的巷子,300,5,164-6號、165號、165-5號、165-1號~165-2號、168號、170-4號、170-6號,左鎮區,左鎮分隊,黃
378,中正里166-2號的巷子,400,5,166號、166-2號~166-7號、167-3號~167-6號,左鎮區,左鎮分隊,黃
379,中正里171-20號的巷子,200,5,171-6至24號、164號、164-2至164-5號,左鎮區,左鎮分隊,黃
380,中正里176-4號的巷子,50,5,176-4號至176-1號,左鎮區,左鎮分隊,黃
381,中正里176-12號的巷子,100,5,176-5號至176-14號,左鎮區,左鎮分隊,黃
382,中正里100-1號的巷子,100,3,100-1號~100-3號、103號~115號,左鎮區,左鎮分隊,黃
383,大灣路40巷209弄,100,3,華貴大夏大樓大灣路40巷209弄1號,永康區,大灣分隊,紅
384,大灣五街69巷,150,3,大灣五街69巷內民宅,永康區,大灣分隊,紅
385,大灣路406巷,200,3,大灣路406巷內民宅,永康區,大灣分隊,紅
386,大灣路436巷,300,3,大灣路436巷內民宅,永康區,大灣分隊,紅
387,大灣路1020巷,300,3,大灣路1020巷內民宅,永康區,大灣分隊,紅
388,立興街28巷,200,3,立興街28巷內民宅,永康區,大灣分隊,紅
389,南灣街60巷,300,3,南灣街60巷,永康區,大灣分隊,紅
390,富強路一段2巷31弄,100,4,采金仙境富強路一段2巷31弄1號,永康區,大灣分隊,黃
391,富強路一段2巷8弄,100,4,中意生活富強路一段2巷8弄51號,永康區,大灣分隊,黃
392,富強路一段185巷2弄,100,4,翰林居富強路一段185巷2弄56號,永康區,大灣分隊,黃
393,富強路一段321巷,150,4,富強路一段321巷內民宅,永康區,大灣分隊,黃
394,富強路一段279巷,150,4,富強路一段279巷內民宅,永康區,大灣分隊,黃
395,廣興街38巷34弄,100,4,廣興一期廣興街38巷34弄34號,永康區,大灣分隊,黃
396,大灣路37巷,300,4,大灣路37巷內民宅,永康區,大灣分隊,黃
397,大灣路41巷,300,4,大灣路41巷內民宅,永康區,大灣分隊,黃
398,大灣七街74巷,200,4,大灣七街74巷內民宅,永康區,大灣分隊,黃
399,信義街62巷,100,4,信義街62巷內民宅,永康區,大灣分隊,黃
400,信義街44巷,100,4,信義街44巷內民宅,永康區,大灣分隊,黃
401,文賢街78巷,100,4,文賢街78巷內民宅,永康區,大灣分隊,黃
402,文賢街108巷,100,4,文賢街108巷內民宅,永康區,大灣分隊,黃
403,大灣五街39巷,150,4,大灣五街39巷內民宅,永康區,大灣分隊,黃
404,南灣街87巷,300,4,南灣街87巷內民宅,永康區,大灣分隊,黃
405,南灣街100巷,250,4,南灣街100巷內民宅,永康區,大灣分隊,黃
406,南灣街99巷,300,4,南灣街99巷內民宅,永康區,大灣分隊,黃
407,民族路273巷13弄,100,4,民族路273巷13弄內民宅,永康區,大灣分隊,黃
408,大灣三街21巷,100,4,大灣三街21巷內民宅,永康區,大灣分隊,黃
409,大灣三街57巷,150,4,大灣三街57巷內民宅,永康區,大灣分隊,黃
410,大灣二街38巷,150,4,大灣二街38巷內民宅,永康區,大灣分隊,黃
411,大灣路40巷,800,6,華貴大鎮大灣路40巷209弄1號,永康區,大灣分隊,藍
412,龍潭街280號,150,4,龍潭街280至282-1號民宅內,永康區,永康分隊,紅
413,龍潭街286巷4號,800,4,龍潭街286巷4號民宅內,永康區,永康分隊,紅
414,大橋一街139巷,200,3,1號~35號,永康區,永康分隊,紅
415,大橋一街223巷,200,3,1號~20號,永康區,永康分隊,紅
416,大橋二街239巷,100,3,1號~27號 ,永康區,永康分隊,紅
417,大橋三街57巷,120,3,1號~10號,永康區,永康分隊,紅
418,大橋三街199巷,110,4,1號~24號,永康區,永康分隊,紅
419,大橋三街261巷,100,3,1號~17號,永康區,永康分隊,紅
420,中華西街85巷,110,3,1號~16號,永康區,永康分隊,紅
421,中華西街104巷,120,3,1號~18號,永康區,永康分隊,紅
422,中華西街122巷,200,3,1號~16號,永康區,永康分隊,紅
423,中華西街127巷,130,3,1號~23號,永康區,永康分隊,紅
424,南工街212巷,130,4,3.7弄,永康區,永康分隊,紅
425,二王路40巷,150,2,1號~15號,永康區,永康分隊,紅
426,中山南路95巷,90,2.5,1號~6號,永康區,永康分隊,紅
427,中山南路510巷,150,4,1號~6號,永康區,永康分隊,紅
428,中山南路520巷,200,4,1號~10號,永康區,永康分隊,紅
429,中山南路544巷,120,3,52.59弄,永康區,永康分隊,紅
430,中山南路1116巷,150,2,1號~25號,永康區,永康分隊,紅
431,中山北路18巷,50,2,1號~30號,永康區,永康分隊,紅
432,永二街244巷,120,4,2.4.6.8弄,永康區,永康分隊,紅
433,永二街288巷,100,4,1號~10號,永康區,永康分隊,紅
434,永康街136巷,150,4,1號~28號,永康區,永康分隊,紅
435,永康街186巷,80,2.5,1號~12號,永康區,永康分隊,紅
436,永華路776巷,120,4,1號~20號,永康區,永康分隊,紅
437,永中街100巷,110,2,1號~32號,永康區,永康分隊,紅
438,永中街138巷,170,2,1號~20號,永康區,永康分隊,紅
439,王行路898巷,200,4,1號~20號,永康區,永康分隊,紅
440,大橋一街103巷,200,6,1號~13號,永康區,永康分隊,黃
441,大橋一街139巷44弄,200,5,1號~35號,永康區,永康分隊,黃
442,大橋三街57巷19弄,150,5,1號~30號,永康區,永康分隊,黃
443,中華西街21巷,100,6,1號~24號,永康區,永康分隊,黃
444,中華路619巷22弄,120,6,1號~14號,永康區,永康分隊,黃
445,中山南路644巷,150,4.5,1號~26號,永康區,永康分隊,黃
446,中山南路471巷,350,5,1號~13號,永康區,永康分隊,黃
447,王行路866巷,300,5,1號~10號,永康區,永康分隊,黃
448,中正南路52巷,600,3,中正南路52巷2-61號,永康區,鹽行分隊,紅
449,中正南路168巷,300,3,中正南路168巷2-37號,永康區,鹽行分隊,紅
450,中正南路210巷,150,4,中正南路210巷1-43號,永康區,鹽行分隊,紅
451,中正路635巷,350,3,中正路635巷5-46號,永康區,鹽行分隊,紅
452,南台街54巷,170,4,南台街54巷1-53號,永康區,鹽行分隊,紅
453,南台街75巷,130,4,南台街75巷1-19號,永康區,鹽行分隊,紅
454,南台街89巷,120,3,南台街89巷1-28號,永康區,鹽行分隊,紅
455,蔦松一街35巷,150,3,蔦松一街35巷1-30號,永康區,鹽行分隊,紅
456,蔦松一街74巷,100,4,蔦松一街74巷1-46號,永康區,鹽行分隊,紅
457,蔦松二街162巷,100,3,蔦松二街162巷1-28號,永康區,鹽行分隊,紅
458,和平路212巷,180,3,和平路212巷5-25號,永康區,鹽行分隊,紅
459,三民街79巷,500,3,三民街79巷1-25號,永康區,鹽行分隊,紅
460,三民街90巷,400,3,三民街90巷1-55號(單號),永康區,鹽行分隊,紅
461,洲尾街74巷,140,3,洲尾街74巷1-37號,永康區,鹽行分隊,紅
462,洲尾街191巷,100,4,洲尾街191巷1-21號,永康區,鹽行分隊,紅
463,洲尾街225巷,30,4,洲尾街225巷1、3、5號,永康區,鹽行分隊,紅
464,中正北路19巷,210,4,中正北路19巷1-17號,永康區,鹽行分隊,紅
465,南台街3巷,160,5,南台街3巷2-38號(雙號),永康區,鹽行分隊,黃
466,中正北路71巷,170,5,中正北路71巷1-32號,永康區,鹽行分隊,黃
467,新民街47巷,60,6,新民街47巷1-12號,永康區,鹽行分隊,藍
468,新民街66巷,70,3,新民街66巷1-6號,永康區,鹽行分隊,藍
469,永安路165巷30巷,145,6,永安路165巷30巷1-21號,永康區,鹽行分隊,藍
470,永安路165巷109弄,100,4,永安路165巷109弄2.4.6.6-1號,永康區,鹽行分隊,藍
471,南台街,450,6,南台街1-180號,永康區,鹽行分隊,藍
472,中華路912巷59弄,170,3,中華路912巷59弄1-11號(單號),永康區,鹽行分隊,藍
473,復興路71巷112弄,200,3,復興路71巷112弄全部,永康區,復興分隊,紅
474,復興路277巷,800,2,復興路277巷(弄)全部,永康區,復興分隊,紅
475,復興路427號,80,2,復興路427-1~427-27號,永康區,復興分隊,紅
476,復興路423巷,600,1~2,復興路423巷全部約60戶,永康區,復興分隊,紅
477,復興路429巷,1000,2~3,復興路429巷全部約20戶,永康區,復興分隊,紅
478,復興路282巷,60,1~3,復興路282巷全部約20戶,永康區,復興分隊,紅
479,復興路296巷,80,1~3,復興路296巷全部約20戶,永康區,復興分隊,紅
480,復興路356巷,400,1~3,復興路356巷全部約100戶,永康區,復興分隊,紅
481,忠孝路207巷32弄,50,2,忠孝路207巷32弄約20戶民宅,永康區,復興分隊,紅
482,忠孝路207巷42弄,50,2,忠孝路207巷42弄約26戶民宅,永康區,復興分隊,紅
483,中華路154巷1弄,40,2,中華路154巷1弄約6戶民宅,永康區,復興分隊,紅
484,中華路154巷2弄,40,2,中華路154巷2弄約6戶民宅,永康區,復興分隊,紅
485,忠孝路239巷9弄,80,2,忠孝路239巷9弄內約40戶民宅,永康區,復興分隊,紅
486,忠孝路239巷20弄,100,2,忠孝路239巷20弄內約50戶民宅,永康區,復興分隊,紅
487,勝利街2巷,250,3,勝利街2巷弄內,永康區,復興分隊,紅
488,中華路154巷18弄,60,2,中華路154巷18弄內民宅,永康區,復興分隊,黃
489,中華路154巷,300,2,中華路154巷43號-70號,永康區,復興分隊,黃
490,中華路212巷,200,3,中華路212巷內民宅,永康區,復興分隊,黃
491,中華路214巷,80,3,中華路214巷約內民宅,永康區,復興分隊,黃
492,中華路216巷12弄,80,3,中華路216巷12弄約內民宅,永康區,復興分隊,黃
493,中華路216巷,200,3,中華路216巷內約60戶民宅,永康區,復興分隊,黃
494,中華路216巷1弄,80,3,中華路216巷1弄內民宅,永康區,復興分隊,黃
495,中華路216巷35弄,40,3,中華路216巷35弄內戶民宅,永康區,復興分隊,黃
496,小東路477巷,150,3,小東路477巷內民宅,永康區,復興分隊,黃
497,忠勇街32巷尾,80,3,忠勇街32巷尾內約民宅,永康區,復興分隊,黃
498,中興街45巷,40,2,中興街45巷內約民宅,永康區,復興分隊,黃
499,中興街55巷,40,2,中興街55巷內約民宅,永康區,復興分隊,黃
500,中興街57巷,40,2,中興街57巷內約民宅,永康區,復興分隊,黃
501,兵仔市場內,1000,2,勝利街100號~131號內市場區,永康區,復興分隊,黃
502,勝利街22巷45弄,150,2,勝利街22巷45弄,永康區,復興分隊,黃
503,中華二路88巷,150,2,中華二路88巷內民宅,永康區,復興分隊,黃
504,中華一路58巷,100,2,中華一路58巷弄內民宅,永康區,復興分隊,黃
505,中華路286巷,150,3,中華路286巷內約100戶民宅,永康區,復興分隊,黃
506,南工街247巷35弄,300,2,南工街247巷35弄內約120戶民宅,永康區,復興分隊,黃
507,高統領大樓,35,大於15公尺,永康市中山南路262巷260號(部分大樓為雲梯車無法靠近),永康區,復興分隊,藍
508,御京鄉大樓,20,大於15公尺,永康市中華路578巷17號(部分大樓為雲梯車無法靠近),永康區,復興分隊,藍
509,高崗屋大樓,15,大於15公尺,永康市新興街8號(部分大樓為雲梯車無法靠近),永康區,復興分隊,藍
510,觀雲社區丙區,10,大於15公尺,中華二路340巷8號(部分大樓為雲梯車無法靠近),永康區,復興分隊,藍
511,觀雲社區乙區,10,大於15公尺,中華二路358巷10號(部分大樓為雲梯車無法靠近),永康區,復興分隊,藍
512,觀雲社區甲區,10,大於15公尺,中華二路340巷15弄巷6號(部分大樓為雲梯車無法靠近),永康區,復興分隊,藍
513,大時代大樓,10,大於15公尺,中華一路203巷16號(部分大樓為雲梯車無法靠近),永康區,復興分隊,藍
514,大日坎城新特區,10,大於15公尺,永康市南工街311巷62-64號(部分大樓為雲梯車無法靠近),永康區,復興分隊,藍
515,椰風名廈,60,大於15公尺,永康市復華一街65號17號(部分大樓為雲梯車無法靠近),永康區,復興分隊,藍
516,攬翠華廈,100,大於15公尺,永康市國華102巷80-120號(部分大樓為雲梯車無法靠近),永康區,復興分隊,藍
517,凡爾賽宮,70,大於15公尺,永康市復華三街90巷12-18號(部分大樓為雲梯車無法靠近),永康區,復興分隊,藍
518,棕櫚泉一期大樓,30,大於15公尺,永康市復華八街47巷34號(部分大樓為雲梯車無法靠近),永康區,復興分隊,藍
519,公園華廈,60,大於15公尺,永康市國華街102巷52-67號(部分大樓為雲梯車無法靠近),永康區,復興分隊,藍
520,至真生活家,20,大於15公尺,永康市復國二路260號(部分大樓為雲梯車無法靠近),永康區,復興分隊,藍
521,香謝華廈,20,大於15公尺,永康市復國二路217號(部分大樓為雲梯車無法靠近),永康區,復興分隊,藍
522,坎城風情大樓,25,大於15公尺,永康市南工街267巷66號(部分大樓為雲梯車無法靠近),永康區,復興分隊,藍
523,棕櫚泉二期大樓,30,大於15公尺,永康市復華八街47巷43號(部分大樓為雲梯車無法靠近),永康區,復興分隊,藍
524,陽光華廈,20,大於15公尺,永康市復華七街32巷23號(部分大樓為雲梯車無法靠近),永康區,復興分隊,藍
525,綠意華廈,100,大於15公尺,永康市國華街102巷97號(部分大樓為雲梯車無法靠近),永康區,復興分隊,藍
526,慶都大帝大樓,20,大於15公尺,永康市國華街59號(部分大樓為雲梯車無法靠近),永康區,復興分隊,藍
527,白金漢宮,30,大於15公尺,永康市復華三街62號(部分大樓為雲梯車無法靠近),永康區,復興分隊,藍
528,麗晶大樓,50,大於15公尺,永康市復國二路215巷30號(部分大樓為雲梯車無法靠近),永康區,復興分隊,藍
529,影劇三村國宅,50,大於15公尺,永康市復國路60~76號(部分大樓為雲梯車無法靠近),永康區,復興分隊,藍
530,精忠新城,30,大於15公尺,永康市中華路58巷56~76號(部分大樓為雲梯車無法靠近),永康區,復興分隊,藍
531,晶采大樓,35,大於15公尺,永康市中華二路355、357、359號(部分大樓為雲梯車無法靠近),永康區,復興分隊,藍
532,摩登大樓,50,大於15公尺,永康市中山東路138~178號(部分大樓為雲梯車無法靠近),永康區,復興分隊,藍
533,湯山新城大樓,100,大於15公尺,永康區小東路423巷10號(部分大樓為雲梯車無法靠近),永康區,復興分隊,藍
534,太子二街138巷,30,2,巷內住宅,仁德區,仁德分隊,紅
535,長興四街64巷,30,2.5,巷內住宅,仁德區,仁德分隊,紅
536,中正路二段936巷20弄,80,3,巷內住宅,仁德區,仁德分隊,紅
537,中正路二段994巷,120,3,10弄及14弄住宅,仁德區,仁德分隊,紅
538,中清路248巷,80,3,7弄及16弄住宅,仁德區,仁德分隊,紅
539,仁義五街57巷1弄,200,3,1~36號附近住宅,仁德區,仁德分隊,紅
540,中山路328巷,40,3,16弄及18弄住宅,仁德區,仁德分隊,紅
541,勝利二街29巷,30,3,29巷及39巷內住宅,仁德區,仁德分隊,黃
542,德安路32巷,50,3,巷內住宅、工廠,仁德區,仁德分隊,黃
543,民安路2段77號,100,3,77號大樓住戶,仁德區,仁德分隊,藍
544,北保一街61號-125號,50,3,61-69號集合住宅,仁德區,仁德分隊,藍
545,德崙路21巷,40,3,東方郡國大樓住戶,仁德區,仁德分隊,藍
546,北保東路8巷,60,4,巷內住宅,仁德區,仁德分隊,黃
547,義林路241巷,50,4,巷內住宅,仁德區,仁德分隊,黃
548,長興路87巷21弄,60,4.5,巷內住宅(約30戶),仁德區,仁德分隊,黃
549,仁和里成功一街35巷,83,1,仁德區仁和里成功一街35巷,仁德區,文賢分隊,紅
550,仁和里成功一街43巷,82,1,仁德區仁和里成功一街43巷,仁德區,文賢分隊,紅
551,仁和里成功一街67巷,185,1,仁德區仁和里成功一街67巷,仁德區,文賢分隊,紅
552,仁和里成功二街7巷,189,2,仁德區仁和里成功二街7巷,仁德區,文賢分隊,紅
553,仁和里保華路145巷,195,2,仁德區仁和里保華路145巷,仁德區,文賢分隊,紅
554,仁和里成功一街131巷,126,1,仁德區仁和里成功一街131巷,仁德區,文賢分隊,紅
555,二行里行大街341巷,128,2,仁德區二行里行大街341巷,仁德區,文賢分隊,黃
556,上崙里德崙路175巷,137,2,仁德區上崙里德崙路175巷,仁德區,文賢分隊,黃
557,二行里行大街172巷,400,2,仁德區二行里行大街172巷,仁德區,文賢分隊,黃
558,二行里行大街285巷,78,2,仁德區二行里行大街285巷,仁德區,文賢分隊,黃
559,二行里行大街422巷,96,2,仁德區二行里行大街422巷,仁德區,文賢分隊,黃
560,二行里行大街56巷,151,2,仁德區二行里行大街56巷,仁德區,文賢分隊,黃
561,二行里行大街521巷,73,2,仁德區二行里行大街521巷,仁德區,文賢分隊,黃
562,二行里二行一路83巷,152,2,仁德區二行里二行一路83巷,仁德區,文賢分隊,黃
563,二行里二行一路153巷,106,2,仁德區二行里二行一路153巷,仁德區,文賢分隊,黃
564,上崙里德善路305巷,120,2,仁德區上崙里德善路305巷,仁德區,文賢分隊,藍
565,保安路一段56巷,662,2,仁德區保安路一段56巷,仁德區,文賢分隊,藍
566,民生十街八巷 ,60,4,1.2.3.5.6.7.8.9.10號,歸仁區,歸仁分隊,紅
567,民生十街十八巷,60,4,"單號：1.3.5.7.9.15.17 雙號：2.6.8.10.14",歸仁區,歸仁分隊,紅
568,民生十街,600,4.5,民生十街(2.6.8巷10巷),歸仁區,歸仁分隊,黃
569,崙頂三街,200,4,"單號：1至49號(39號除外) 雙號：2至56號(4.44號除外)",歸仁區,歸仁分隊,紅
570,崙頂五街,200,4,"單號：1至49號(39號除外) 雙號：2至56號(4.44號除外)",歸仁區,歸仁分隊,紅
571,成功八街,250,4,"單號：1至27號 雙號：2至26號(4號除外)",歸仁區,歸仁分隊,紅
572,成功路一段155巷,120,3,12.13.17號,歸仁區,歸仁分隊,紅
573,成功路一段159巷,100,3,2至16號。3.7號,歸仁區,歸仁分隊,紅
574,大智街23巷,50,2,6.8.10號,歸仁區,歸仁分隊,紅
575,信義南路53巷,80,2,16號,歸仁區,歸仁分隊,紅
576,信義南路101巷,130,4,5至19號。2至12號,歸仁區,歸仁分隊,紅
577,中山路一段319巷,150,4,8至58號,歸仁區,歸仁分隊,紅
578,中山路一段515巷,80,3,1至13號。2至16號,歸仁區,歸仁分隊,紅
579,忠孝南路60巷,250,2,2至30號，23至39號,歸仁區,歸仁分隊,紅
580,中正南路一段153巷,180,3,2至50號。1至15號,歸仁區,歸仁分隊,紅
581,中正南路一段131巷,200,3,2至40號，1至19號,歸仁區,歸仁分隊,紅
582,中正南路一段76巷,100,3,1至5號。18至28號,歸仁區,歸仁分隊,紅
583,中正南路一段183巷,2000,3,9至13號。2.10.16號,歸仁區,歸仁分隊,紅
584,中正南路一段810巷,60,3,1至43號。,歸仁區,歸仁分隊,紅
585,中正南路三段95巷,150,3,3.7.9.17號,歸仁區,歸仁分隊,紅
586,和平南街71巷,100,3,1至21號,歸仁區,歸仁分隊,紅
587,和平南街89巷,70,2,26號,歸仁區,歸仁分隊,紅
588,和平南街126巷,40,3,1至5號。2至10號,歸仁區,歸仁分隊,紅
589,大潭二街,350,3,1至67號。2至66號,歸仁區,歸仁分隊,紅
590,長榮路一段200巷,1500,2,5至69號。10號,歸仁區,歸仁分隊,紅
591,六甲二街,400,2,3至9號，27.31.45號。2至62號,歸仁區,歸仁分隊,紅
592,六甲六街,500,2.5,15至33號。2至72號,歸仁區,歸仁分隊,紅
593,公園路39巷,100,3,2至32號,歸仁區,歸仁分隊,紅
594,公園路156巷,80,4,2至26號,歸仁區,歸仁分隊,紅
595,公園八街,100,6,2.6.8.10.12.16.18.20.22.24.26.28.30.32.1.3.5.7.9.11.13.15.17.19.21.23.24.25.26.27.28.29.30.31.34.35.36.37.38.39.41.42.43.45.46.47.48.49.50,歸仁區,歸仁分隊,黃
596,成功十街,100,6,2.6.8.10.12.14.16.18.20.22.24.26.30.32.34.36.1.3.5.7.9.11.13.15.17,歸仁區,歸仁分隊,黃
597,中正十八街,100,3,"單號：1至45號 雙號：2至48號",歸仁區,歸仁分隊,紅
598,民族北街31巷,100,3公尺,2.6號,歸仁區,保西分隊,紅
599,民族北街31巷10弄,40,3公尺,6.9.13號,歸仁區,保西分隊,紅
600,民族北街58巷,60,3公尺,21號,歸仁區,保西分隊,紅
601,中正北路一段47巷,80,4公尺,2.6.8.10.7.9.11.13.15.17號,歸仁區,保西分隊,紅
602,中正北路三段160巷,80,4公尺,1.3.5.7.9.11.6.16.20號,歸仁區,保西分隊,紅
603,中正北路三段205巷12弄,60,4公尺,2~36號,歸仁區,保西分隊,紅
604,保順路二段66巷,100,4公尺,2~50號,歸仁區,保西分隊,紅
605,保大路二段122巷,150,4公尺,5~40號,歸仁區,保西分隊,紅
606,保大路一段151巷,100,4公尺,2~30號,歸仁區,保西分隊,紅
607,保大路一段187巷,40,4公尺,6~21號,歸仁區,保西分隊,紅
608,大廟一街38巷,200,4公尺,1~46號,歸仁區,保西分隊,紅
609,國光街66巷,100,3公尺,1.3.5號,歸仁區,保西分隊,紅
610,文化十二街66巷,60,5公尺,1.3.5.7.9.11.13號,歸仁區,保西分隊,黃
611,中山路一段30巷,80,5公尺,1~19號,歸仁區,保西分隊,黃
612,民生二街146巷,100,5公尺,1~22號,歸仁區,保西分隊,黃
613,和平路186巷9弄,50,3,1-72號,關廟區,關廟分隊,紅
614,東興路250巷,80,2,6-10號,關廟區,關廟分隊,紅
615,東興路250巷1弄,50,2,1-18號,關廟區,關廟分隊,紅
616,中山路216巷,50,2,2-12號,關廟區,關廟分隊,紅
617,四維街260巷,80,2,12-29號,關廟區,關廟分隊,紅
618,四維街260巷2弄,50,2,2-6號,關廟區,關廟分隊,紅
619,武聖路,50,3,1-10號,關廟區,關廟分隊,紅
620,忠孝街,90,3,51-88號,關廟區,關廟分隊,紅
621,花園一街191巷,80,3,1-19號,關廟區,關廟分隊,紅
622,花園一街191巷7弄,90,3,1-9號,關廟區,關廟分隊,紅
623,中山路一段89巷,100,3,1-63號,關廟區,關廟分隊,紅
624,松平街56巷,200,3,1-70號,關廟區,關廟分隊,紅
625,文賢路1122巷34弄,25,3.5,全,北區,和緯分隊,紅
626,大興街246巷38弄,7,3,全,北區,和緯分隊,紅
627,文賢路1122巷40弄,25,4,全,北區,和緯分隊,紅
628,文賢路1080巷,15,4,全,北區,和緯分隊,紅
629,文賢路1122巷24弄,6,4,全,北區,和緯分隊,紅
630,大興街246巷38弄49號,10,4,全,北區,和緯分隊,紅
631,文賢路313巷56弄,30,4,全,北區,和緯分隊,紅
632,文賢路1122巷24弄,25,4,全,北區,和緯分隊,紅
633,文賢路1122巷11弄,23,4,全,北區,和緯分隊,紅
634,大興街246巷53弄,15,4,全,北區,和緯分隊,紅
635,臨安路二段68巷,50,4,全,北區,和緯分隊,紅
636,臨安路二段50巷,48,4,全,北區,和緯分隊,紅
637,海安路三段53巷,26,4,全,北區,和緯分隊,紅
638,海安路三段41巷,26,4,全,北區,和緯分隊,紅
639,大興街355巷,45,4,全,北區,和緯分隊,紅
640,成功路410巷14號,60,4,全,北區,和緯分隊,紅
641,國華街三段9巷,50,2,6號~30號,中西區,永華分隊,紅
642,國華街三段16巷20巷,50,1.6,1號~40號,中西區,永華分隊,紅
643,海安路2段79巷,60,1.5,6號~52號,中西區,永華分隊,紅
644,海安路2段21巷,40,2.8,5號~27號,中西區,永華分隊,紅
645,正德街,150,2.5,2號~54號,中西區,永華分隊,紅
646,正德街13巷,40,1.3,2號~20號,中西區,永華分隊,紅
647,正德街23巷,40,1.9,1號~11號,中西區,永華分隊,紅
648,正興街116巷,40,1.5,1號~15號,中西區,永華分隊,紅
649,友愛街201巷,40,1.8,1~13號,中西區,永華分隊,紅
650,友愛街309巷,40,1.8,2~20號,中西區,永華分隊,紅
651,友愛街146巷,40,1.6,1~25號,中西區,永華分隊,紅
652,國華街2段153巷,30,1.5,1-10號,中西區,永華分隊,紅
653,中正路217巷,40,1.5,2~20號,中西區,永華分隊,紅
654,保安路125巷,30,1.4,1~17號,中西區,永華分隊,紅
655,府前路2段40巷,60,1.9,1~21號,中西區,永華分隊,紅
656,郡西路61巷,40,1.5,1~15號,中西區,永華分隊,紅
657,保安路185巷,30,2,2~14號,中西區,永華分隊,紅
658,中正路193巷,50,1.7,1~20號,中西區,永華分隊,紅
659,中正路209巷,50,1.7,1~10號,中西區,永華分隊,紅
660,保安路179巷,50,1.7,1~15號,中西區,永華分隊,紅
661,海安路2段22巷,60,1.1,1~21號,中西區,永華分隊,紅
662,正興街61巷,40,1.3,6~24號,中西區,永華分隊,紅
663,正興街77巷,40,1.3,1~13號,中西區,永華分隊,紅
664,忠孝街90巷,40,1.6,1~17號,中西區,永華分隊,紅
665,忠孝路98巷,40,1.6,1~30號,中西區,永華分隊,紅
666,忠孝街78巷,40,1.6,1~37號,中西區,永華分隊,紅
667,忠孝街93巷,100,1.6,1~22號,中西區,永華分隊,紅
668,信義街,,2,1~116號,中西區,永華分隊,紅
669,協和街200巷,80,1.5,1~10號,中西區,永華分隊,紅
670,文賢路110巷,60,2,1~10號,中西區,永華分隊,紅
671,海安路二段296巷,60,2.2,1~40號,中西區,永華分隊,紅
672,民族路3段222巷,60,2,2~36號,中西區,永華分隊,紅
673,文和街9巷,60,1.6,1~23號,中西區,永華分隊,紅
674,國華街三段245巷,40,1.5,1~34號,中西區,永華分隊,紅
675,國華街三段250巷,40,2,1~50號,中西區,永華分隊,紅
676,成功路313巷,40,2,1~37號,中西區,永華分隊,紅
677,慈聖街,80,2,28~87號,中西區,永華分隊,紅
678,普濟街,60,2,50~75號,中西區,永華分隊,紅
679,友愛街331巷,40,1.8,1~20號,中西區,永華分隊,紅
680,友愛街251巷,40,1.8,1~20號,中西區,永華分隊,紅
681,友愛街206巷,40,1.8,1~20號,中西區,永華分隊,紅
682,中正路199巷,50,1.8,1~15號,中西區,永華分隊,紅
683,信義街60巷,60,1.5,3號,中西區,永華分隊,紅
684,神農街,100,3.8,54-147號,中西區,永華分隊,紅
685,普濟街,100,4,1-50號,中西區,永華分隊,紅
686,友愛街310巷,40,2.5,1-13號,中西區,永華分隊,紅
687,大智街29巷,60,1.5,1-19號,中西區,永華分隊,紅
688,環河街2巷,60,1.5,2-10號,中西區,永華分隊,紅
689,大新街7巷,135,3.2,1-31號,中西區,永華分隊,紅
690,友愛街,200,6,132~300號,中西區,永華分隊,黃
691,國華街2段,100,6,158~214號,中西區,永華分隊,黃
692,河中街,200,5,1~59號,中西區,永華分隊,黃
693,忠孝街,100,5,80~118號,中西區,永華分隊,黃
694,忠孝街,80,3,1~49號,中西區,永華分隊,黃
695,臨安路1段33巷,60,5,1~32號,中西區,永華分隊,黃
696,臨安路1段146巷,60,4,1~33號,中西區,永華分隊,黃
697,協和街,300,5,1~231號,中西區,永華分隊,黃
698,信義街108巷,100,6,1~75號,中西區,永華分隊,黃
699,文賢路67巷,40,3,1-18號,中西區,永華分隊,黃
700,武聖路27巷,60,6,1~30號,中西區,永華分隊,黃
701,和善街43巷,80,6,1~30,中西區,永華分隊,黃
702,和善街44巷,80,5,1~20號,中西區,永華分隊,黃
703,永和街,300,5,25~204號,中西區,永華分隊,黃
704,和美街,300,5,1~35號,中西區,永華分隊,黃
705,中和街217巷,100,5,1~16號,中西區,永華分隊,黃
706,臨安路1段267巷,60,5,1~18號,中西區,永華分隊,黃
707,大德街(永華路-建安街),80,4,永華路-建安街,中西區,永華分隊,黃
708,西門路2段307巷,120,4,1-32號,中西區,永華分隊,藍
709,宮後街,120,4,1-20號,中西區,永華分隊,藍
710,府前2街,400,3,"41~147號,2-102號",中西區,永華分隊,藍
711,永華1街148巷,130,3.6,1-50號,中西區,永華分隊,藍
712,永華1街44巷,85,5.5,1-37號,中西區,永華分隊,藍
713,裕民街,160,2.4,1號~85號.2號~104號,北區,公園,紅
714,裕民街51巷,40,1.3,1號~11號.2號~8號,北區,公園,紅
715,裕民街69巷,72,1,1號~19號.2號~8號,北區,公園,紅
716,裕民街72巷,40,1.9,1號~9號.2號~12號,北區,公園,紅
717,裕民街83巷,28,1.3,1號~7號.2號~6號,北區,公園,紅
718,裕民街84巷,40,1.7,1號~9號.2號~10號,北區,公園,紅
719,裕民街94巷,40,1,1號~15號.2號~22號,北區,公園,紅
720,正覺街44巷3弄,60,2,1號~15號,北區,公園,紅
721,正覺街66巷,112,2,1號~29號.2號~26號,北區,公園,紅
722,正覺街102巷,432,3,1號~11號.2號~110號,北區,公園,紅
723,勝利路206巷,232,3,21號~85號.18號~66號,北區,公園,紅
724,勝利路467巷5弄,92,2.5,1號~15號.2號~30號,北區,公園,紅
725,自強街,472,2,1號~119號.2號~114號,北區,公園,紅
726,自強街146巷,36,1.9,1號~9號.2號~8號,北區,公園,紅
727,北華街170巷,176,2.85,1號~45號.2號~6號,北區,公園,紅
728,北華街202巷,42,3,1號~9號.2號~16號,北區,公園,紅
729,北華街250巷,12,1.35,2號~6號,北區,公園,紅
730,北華街309巷,44,3,1號~11號.2號~10號,北區,公園,紅
731,長北街58巷,48,2.85,1號~11號.2號~12號,北區,公園,紅
732,長北街74巷,36,2,2號~18號,北區,公園,紅
733,長北街152巷20弄,128,1,1號~33號.2號~30號,北區,公園,紅
734,長北街194巷,64,1.5,1號~19號.2號~12號,北區,公園,紅
735,長北街210巷,64,3,1號~17號.2號~16號,北區,公園,紅
736,成功路22巷18弄,284,2,1號~45號.2號~96號,北區,公園,紅
737,成功路40巷,44,2.5,19號~29號.22號~30號,北區,公園,紅
738,成功路88巷,28,1.2,1號~13號,北區,公園,紅
739,成功路220巷,8,1.3,1號~3號,北區,公園,紅
740,崇安街,516,2.95,1號~129號.2號~128號,北區,公園,紅
741,崇安街41巷,40,1.6,1號~9號.2號~10號,北區,公園,紅
742,崇安街61巷,40,1.8,2號~20號,北區,公園,紅
743,公園北路78巷,364,3,1號~101號.2號~80號,北區,公園,紅
744,公園北路88巷,288,3,1號~63號.2號~80號,北區,公園,紅
745,公園北路116巷4弄,24,2.5,1號~11號,北區,公園,紅
746,公園北路136巷,28,3,1號~5號.2號~8號,北區,公園,紅
747,長榮路五段117巷,24,1.5,2號~12號,北區,公園,紅
748,長榮路五段199巷,80,3.5,1號~25號.2號~14號,北區,公園,紅
749,長榮路五段378巷,44,1.5,1號~11號.2號~10號,北區,公園,紅
750,長榮路五段383巷,88,1,1號~43號,北區,公園,紅
751,長榮路五段401巷,524,1.5,1號~159號.2號~102號,北區,公園,紅
752,大武街133巷,60,1,2號~30號,北區,公園,紅
753,大武街141巷,128,1,1號~33號.2號~30號,北區,公園,紅
754,旭日街143巷,68,2.5,1號~11號.2號~22號,北區,公園,紅
755,精忠街25巷,140,2,1號~35號.2號~34號,北區,公園,紅
756,精忠街103巷,280,2,1號~39號.2號~98號,北區,公園,紅
757,北門路二段15巷,16,1,7號~13號,北區,公園,紅
758,北門路二段91巷,52,2,1號~17號.2號~8號,北區,公園,紅
759,北門路二段191巷,20,1,1號~5號.2號~4號,北區,公園,紅
760,北門路二段217巷,104,1,1號~19號.2號~32號,北區,公園,紅
761,北門路二段231巷,32,1,1號~7號.2號~8號,北區,公園,紅
762,北門路二段237巷,136,2,1號~45號.2號~62號,北區,公園,紅
763,北門路二段247巷,96,2,1號~21號.2號~26號,北區,公園,紅
764,北門路二段263巷,64,1.5,1號~15號.2號~16號,北區,公園,紅
765,北門路二段291巷,92,1.5,1號~21號.2號~24號,北區,公園,紅
766,北門路二段344巷,12,2,17號~21號,北區,公園,紅
767,北門路二段366巷,12,2,1號~5號,北區,公園,紅
768,北園街53巷,92,1.5,1號~9號.2號~36號,北區,公園,紅
769,北園街87巷,84,2,1號~19號.2號~22號,北區,公園,紅
770,北園街122巷,100,3,1號~25號.2號~24號,北區,公園,紅
771,北園街124巷9弄,96,3,1號~19號.2號~28號,北區,公園,紅
772,北園街128巷,116,2,1號~27號.2號~30號,北區,公園,紅
773,南園街14巷,48,2,1號~13號.2號~10號,北區,公園,紅
774,南園街28巷,64,3,1號~17號.2號~14號,北區,公園,紅
775,南園街42巷,76,3,1號~13號.2號~24號,北區,公園,紅
776,南園街75巷,284,3,1號~67號.2號~74號,北區,公園,紅
777,長榮路四段76巷,172,3.5,1號~43號.2號~42號,北區,公園,紅
778,長榮路四段84巷,112,3.5,1號~29號.2號~26號,北區,公園,紅
779,長榮路四段98巷,112,3,1號~27號.2號~28號,北區,公園,紅
780,長榮路四段183巷,204,3,1號~27號.2號~74號,北區,公園,紅
781,東豐路67巷,64,2,1號~15號.2號~16號,北區,公園,紅
782,東豐路85巷,92,2,1號~13號.2號~34號,北區,公園,紅
783,東豐路133巷,204,3,1號~35號.2號~66號,北區,公園,紅
784,東豐路143巷,260,1.5,1號~45號.2號~84號,北區,公園,紅
785,東豐路227巷24弄,136,3,1號~15號.2號~52號,北區,公園,紅
786,東豐路559巷,36,1,1號~13號.2號~4號,北區,公園,紅
787,公園南路7巷,20,1,1號~3號.4號~8號,北區,公園,紅
788,公園南路23巷,28,1.5,1號~5號.2號~8號,北區,公園,紅
789,公園南路96巷,40,2.1,1號~11號.2號~8號,北區,公園,紅
790,公園南路121巷,32,2,1號~7號.2號~8號,北區,公園,紅
791,公園南路131巷,80,2,1號~17號.2號~22號,北區,公園,紅
792,公園南路152巷,128,3.25,1號~25號.2號~38號,北區,公園,紅
793,公園南路222巷,112,3.5,1號~25號.2號~30號,北區,公園,紅
794,公園南路233巷,232,3.5,1號~49號.2號~66號,北區,公園,紅
795,開元路63巷7弄,136,2,2號~68號,北區,公園,紅
796,開元路68巷3弄,36,2,1號~17號,北區,公園,紅
797,開元路73巷54弄,88,2,1號~21號.2號~22號,北區,公園,紅
798,開元路90巷,40,2,83號~97號.46號~48號,北區,公園,紅
799,開元路148巷,216,2,1號~19號.38號~144號,北區,公園,紅
800,開元路166巷,28,2,1號~13號,北區,公園,紅
801,開元路342巷,148,2,1號~35號.2號~38號,北區,公園,紅
802,開元路394巷,400,3,1號~151號.2號~48號,北區,公園,紅
803,公園路239巷,44,1.5,1號~9號.2號~12號,北區,公園,紅
804,公園路295巷,24,1.5,48號~58號,北區,公園,紅
805,公園路487巷,128,1,1號~33號.2號~30號,北區,公園,紅
806,公園路516巷,140,1,1號~21號.2號~48號,北區,公園,紅
807,公園路663巷,40,3,2號~20號,北區,公園,紅
808,公園路634巷9弄,80,1.5,1號~17號.2號~22號,北區,公園,紅
809,公園路681巷6弄,116,2,1號~21號.2號~36號,北區,公園,紅
810,公園路746巷,176,3,1號~41號.2號~46號,北區,公園,紅
811,公園路758巷,120,2,1號~59號,北區,公園,紅
812,公園路772巷,96,2,43號~61號.48號~74號,北區,公園,紅
813,公園路788巷,246,2,1號~69號.2號~52號,北區,公園,紅
814,公園路820巷,124,2,1號~25號.2號~36號,北區,公園,紅
815,忠義路三段39巷,92,1,1號~31號.2號~14號,北區,公園,紅
816,西門路四段16巷39弄,160,3,1號~19號.2號~60號,北區,公園,紅
817,北忠街16巷,172,2,1號~43號.2號~42號,北區,公園,紅
818,小東路189巷,96,2,1號~47號,北區,公園,紅
819,前鋒路290巷,64,2,1號~11號.2號~20號,北區,公園,紅
820,公園路862巷,40,4,2號~20號,北區,公園,黃
821,公園路892巷,142,4,1號~39號.2號~36號,北區,公園,黃
822,開元路66巷,140,4,1號~35號.2號~34號,北區,公園,黃
823,開元路68巷,136,4,1號~11號.2號~56號,北區,公園,黃
824,開元路73巷41弄,24,4,1號~12號,北區,公園,黃
825,開元路342巷,76,4,1號~23號.2號~14號,北區,公園,黃
826,南園街49巷,280,4,1號~67號.2號~72號,北區,公園,黃
827,南園街96巷,116,4,1號~29號.2號~26號,北區,公園,黃
828,南園街106巷,32,4,2號~16號,北區,公園,黃
829,南園街127巷17弄,248,4,1號~77號.2號~46號,北區,公園,黃
830,長榮路四段102巷,76,4,1號~13號.2號~22號,北區,公園,黃
831,長榮路四段105巷,80,4,1號~15號.2號~24號,北區,公園,黃
832,長榮路四段114巷,64,4,1號~15號.2號~16號,北區,公園,黃
833,長榮路五段187巷,140,4,1號~27號.2號~42號,北區,公園,黃
834,開南街143巷28弄,152,4,1號~37號.2號~38號,北區,公園,黃
835,開南街165巷6弄,48,4,1號~17號.2號~6號,北區,公園,黃
836,東豐路227巷,132,4,1號~33號.2號~32號,北區,公園,黃
837,東豐路451巷1弄,80,4,7號~11號.2號~34號,北區,公園,黃
838,勝利路262巷,48,4,1號~15號.2號~8號,北區,公園,黃
839,勝利路276巷,40,4,1號~5號.2號~14號,北區,公園,黃
840,勝利路467巷,68,4,1號~25號.2號~8號,北區,公園,黃
841,成功路68巷,192,4,1號~65號.2號~30號,北區,公園,黃
842,佑民街,236,4,1號~71號.2號~46號,北區,公園,黃
843,小北路27巷,10,6,15號,北區,公園,藍
844,大安街103巷,90,3.8,1~13.2~14,安南區,安南分隊,紅
845,大安街110巷,180,3.8,1~25.2~24,安南區,安南分隊,紅
846,大安街117巷,50,3.8,1~11,安南區,安南分隊,紅
847,大安街124巷,180,3.8,1~23.2~24,安南區,安南分隊,紅
848,大安街173巷,80,3.8,1~11.2~12,安南區,安南分隊,紅
849,大安街180巷,130,3.3,1~25.16~26,安南區,安南分隊,紅
850,大安街257巷,110,4.3,1~15.2~14,安南區,安南分隊,紅
851,大安街264巷,100,3.8,1~25,安南區,安南分隊,紅
852,大安街59巷,80,2.9,1~11.2~10,安南區,安南分隊,紅
853,大安街75巷,80,3.7,1~9.2~14,安南區,安南分隊,紅
854,大安街82巷,220,3,1~25.2~28,安南區,安南分隊,紅
855,大安街89巷,120,3.8,1~15.2~16,安南區,安南分隊,紅
856,大安街96巷,180,3.8,1~21.2~24,安南區,安南分隊,紅
857,公學路4段234巷,300,3.1,1~61.2~64,安南區,安南分隊,紅
858,本原街一段97巷,350,3.1,80戶,安南區,安南分隊,紅
859,本原街二段132巷,140,2.5以下,20戶,安南區,安南分隊,紅
860,本原街三段134巷,300,3.3,61戶,安南區,安南分隊,紅
861,本原街三段136巷,280,3.1,39戶,安南區,安南分隊,紅
862,本原街三段169巷26弄,80,3.4,12戶,安南區,安南分隊,紅
863,本原街三段234巷,100,3.5,7.9.11.13.15.17.19.21.33.41.45.36.38.40,安南區,安南分隊,紅
864,本原街三段258巷,60,3.8,12.16.22.24.42.48.50.52,安南區,安南分隊,紅
865,本原街三段321巷,350,2.9,2~66.1~79,安南區,安南分隊,紅
866,安中路二段336巷,50,2.8,5戶,安南區,安南分隊,紅
867,安中路三段19巷,50,3.15,7戶,安南區,安南分隊,紅
868,安中路三段1巷,60,2.5以下,8戶,安南區,安南分隊,紅
869,安中路三段400巷,100,2.5以下,17,安南區,安南分隊,紅
870,安中路三段407巷,70,2.5以下,10戶,安南區,安南分隊,紅
871,安中路四段4巷,400,2.5以下,84戶,安南區,安南分隊,紅
872,安中路四段290巷,130,3.45,18戶,安南區,安南分隊,紅
873,安富街199巷,70,2.5以下,2~10.1~9,安南區,安南分隊,紅
874,府安路5段11巷,250,3.2,1~25.2~24.36~50.100~112,安南區,安南分隊,紅
875,府安路5段205巷,50,3.4,1.2.3.4.5.54,安南區,安南分隊,紅
876,府安路5段267巷,140,2.9,1~41,安南區,安南分隊,紅
877,府安路6段103巷,130,3.5,18~32.17~35,安南區,安南分隊,紅
878,怡安路2段545巷,70,3.6,2~20,安南區,安南分隊,紅
879,怡安路2段59巷,80,3.7,1~23,安南區,安南分隊,紅
880,長溪路三段373巷51弄,150,2.7,2~42,安南區,安南分隊,紅
881,長溪路三段405巷,100,3.7,1~17.2~10,安南區,安南分隊,紅
882,海中街101巷,230,2.5以下,35戶,安南區,安南分隊,紅
883,海中街121巷,120,2.9,17戶,安南區,安南分隊,紅
884,海中街23巷,180,3.1,26戶,安南區,安南分隊,紅
885,海中街51巷,100,3.7,15戶,安南區,安南分隊,紅
886,海中街54巷,120,2.5以下,9~31.16.20~36,安南區,安南分隊,紅
887,海中街77巷45弄,130,3,13~23.10~18.70.72.76~82.86.88,安南區,安南分隊,紅
888,海佃路二段265巷58弄,80,3.8,2.4.5.9~25,安南區,安南分隊,紅
889,海佃路四段413巷,50,2.8,5.411,安南區,安南分隊,紅
890,海佃路四段388巷,50,2.5以下,7.9,安南區,安南分隊,紅
891,海佃路四段55巷152弄,50,2.9,3.11,安南區,安南分隊,紅
892,海環街256巷,150,2.9,22戶,安南區,安南分隊,紅
893,海環街320巷,60,2.5以下,6~12.15.17,安南區,安南分隊,紅
894,海環街32巷37弄38號前,200,2.5以下,2~38.21~35,安南區,安南分隊,紅
895,郡安路5段184巷24弄,350,3,70戶,安南區,安南分隊,紅
896,郡安路5段164巷9弄,150,3.2,6~28.1~27,安南區,安南分隊,紅
897,郡安路5段31巷,50,3.1,5.7.9.11.13.15,安南區,安南分隊,紅
898,國安街155巷62弄,120,3.3,1~17.2~18,安南區,安南分隊,紅
899,國安街156巷,110,3.5,6.1~29,安南區,安南分隊,紅
900,國安街56巷,200,3.1,1~43.2~32,安南區,安南分隊,紅
901,國安街9巷,90,2.9,2~18.1.3.9.13,安南區,安南分隊,紅
902,大安街194巷,70,7,1.2.8.18.19.20.26.29.34,安南區,安南分隊,黃
903,大安街201巷,50,4.8,2.1,安南區,安南分隊,黃
904,大安街222巷,50,4,11.14,安南區,安南分隊,黃
905,大安街264巷,50,4.8,1.3.7.11.17,安南區,安南分隊,黃
906,大安街285巷,50,4.7,1.3.5,安南區,安南分隊,黃
907,府安路五段230巷,50,4.4,18.36.38.62.64.66.76,安南區,安南分隊,黃
908,府安路五段267巷,50,4.2,1.9.15.19.27.29.35,安南區,安南分隊,黃
909,府安路五段27巷,50,4.6,8.12.14,安南區,安南分隊,黃
910,府安路五段35巷,50,4.7,14.11.13.19,安南區,安南分隊,黃
911,府安路五段44巷,50,4.7,6.22.25.33,安南區,安南分隊,黃
912,府安路六段37巷,70,4.1,5.11.18.22.24.37.38.39.40,安南區,安南分隊,黃
913,府安路六段71巷,50,3.8,1.27.31.36.39,安南區,安南分隊,黃
914,府安路六段94巷,50,3.8,1.16.37,安南區,安南分隊,黃
915,海佃路一段227巷,80,4.7,4.9.12.18.20.29.31.44.46.47.54,安南區,安南分隊,黃
916,海佃路一段284巷,70,4.4,11.15.17.30.35.37.41.50,安南區,安南分隊,黃
917,海佃路一段320巷,50,4.1,1.4.28.39,安南區,安南分隊,黃
918,海佃路一段400巷,50,4.7,1.3.14.39.40.48.59,安南區,安南分隊,黃
919,安平路680巷,80,2.6,1-11號.2-8號,安平區,安平分隊,紅
920,觀音街,130,2.4,1-43號.2-90號,安平區,安平分隊,紅
921,效忠街,150,1.7,17-43號.28-52號,安平區,安平分隊,紅
922,中興街,200,1.6,5-63號.8-90號,安平區,安平分隊,紅
923,安平路686巷,80,1.5,1-9號,安平區,安平分隊,紅
924,安平路724巷,30,1.5,一棟公寓（無尾巷）,安平區,安平分隊,紅
925,安平路51巷,50,1.8,1-5號.2-16號,安平區,安平分隊,紅
926,安平路89巷,20,1,1.2號,安平區,安平分隊,紅
927,安平路75巷,60,1.5,2-18號,安平區,安平分隊,紅
928,安平路121巷,80,2.9,1-3號.2-6號,安平區,安平分隊,紅
929,安北路131巷,100,2.2,1-7號.2-10號,安平區,安平分隊,紅
930,安北路121巷,80,2.2,1-9號.2-10號,安平區,安平分隊,紅
931,同平路96巷,110,3,1-53號.2-44號,安平區,安平分隊,紅
932,同平路108巷,110,3.4,1-7號.2-32號,安平區,安平分隊,紅
933,同平路148巷,30,2.5,1-3號.2-4號（無尾巷）,安平區,安平分隊,紅
934,同平路156巷,150,3.9,1-47號.2-48號,安平區,安平分隊,紅
935,同平路184巷,80,2.5,1-5號.2-6號（無尾巷）,安平區,安平分隊,紅
936,國勝路7巷,130,2.2,1-17號.2-20號,安平區,安平分隊,紅
937,運河路52巷,180,2,1-7號.2-6號,安平區,安平分隊,紅
938,運河路13巷,100,2,1-29號.2-16號,安平區,安平分隊,紅
939,運河路23巷,30,1.8,1-29號.2-18號,安平區,安平分隊,紅
940,安平路169巷,20,1.5,1-5號.2-12號,安平區,安平分隊,紅
941,古堡街81巷,80,2,1-13號.2-6號（無尾巷）,安平區,安平分隊,紅
942,古堡街76巷,70,2,1-13號.2-8號（無尾巷）,安平區,安平分隊,紅
943,古堡街72巷,60,2,1-3號.2-6號（無尾巷）,安平區,安平分隊,紅
944,國勝路125巷,20,2,1-5號.2-6號,安平區,安平分隊,紅
945,漁光路89巷,350,2.5,1-69號.2-70號,安平區,安平分隊,紅
946,安平路98巷,90,3.6,1-19號.2-20號,安平區,安平分隊,黃
947,安北路103巷,40,3.5,7弄內住戶,安平區,安平分隊,黃
948,安平路80巷,80,4.5,1-79號.2-24號,安平區,安平分隊,黃
949,安平路336巷,80,4.1,1-9號.2-12號,安平區,安平分隊,黃
950,安北路35巷,20,4.3,1-5號.2-6號,安平區,安平分隊,黃
951,安北路86巷,40,4.5,1-29號.2-30號（二棟公寓）,安平區,安平分隊,黃
952,安北路100巷,200,4.7,1-7號（無尾巷）,安平區,安平分隊,黃
953,安北路146巷,40,4.2,1-7號.2-16號（無尾巷）,安平區,安平分隊,黃
954,安北路152巷,50,5,1-11號.2-14號（無尾巷）,安平區,安平分隊,黃
955,安北路370巷,150,4.7,1-35號,安平區,安平分隊,黃
956,安北路426巷,100,4,1-31號.2-30號（無尾巷）,安平區,安平分隊,黃
957,安北路416巷,120,4.3,1-59號.2-60號,安平區,安平分隊,黃
958,安北路452巷,50,5,2-88號（無尾巷）,安平區,安平分隊,黃
959,古堡街90巷,130,4.4,1-33號.2-32號,安平區,安平分隊,黃
960,古堡街118巷,110,4,1-25號,安平區,安平分隊,黃
961,古堡街122巷,120,4,1-7號.2-40號,安平區,安平分隊,黃
962,安平路696巷,80,4.1,1-19號.2-24號,安平區,安平分隊,黃
963,安平路33巷,50,4.5,1-5號.2-10號,安平區,安平分隊,黃
964,延平街,120,4,1-107號.2-140號（攤販商家）,安平區,安平分隊,黃
965,安平路426巷,90,13,觀世紀大樓,安平區,安平分隊,藍
966,育平五街68號,130,20,儷景富邑大樓,安平區,安平分隊,藍
967,育平五街6號,100,22,長谷劃時代大樓,安平區,安平分隊,藍
968,育平四街22號,140,18,地中海大樓,安平區,安平分隊,藍
969,健康三街107巷21號　,110,20,星光水悅大樓,安平區,安平分隊,藍
970,永華八街193巷18號,70,6,府城巨星大樓,安平區,安平分隊,藍
971,建平八街450巷1號,60,9,川普大地大樓,安平區,安平分隊,藍
972,建平八街551號,80,26,府城新象大樓,安平區,安平分隊,藍
973,建平八街76號,50,14,陽光歌德大樓,安平區,安平分隊,藍
974,永華五街93號,200,7,貴族天下大樓,安平區,安平分隊,藍
975,育平五街70號,80,29,荷蘭首府大樓,安平區,安平分隊,藍
976,育平五街77號,80,14,海景富邑大樓,安平區,安平分隊,藍
977,健康三街592巷55號,100,24,都會假期大樓,安平區,安平分隊,藍
978,育平九街192巷71號,150,8,河邊春夢大樓,安平區,安平分隊,藍
979,建平十七街231號,600,17,至尊天下大樓,安平區,安平分隊,藍
980,永華三街333號,20,12,府都通商大樓,安平區,安平分隊,藍
981,光州二街142號,100,6,南總大樓,安平區,安平分隊,藍
982,光州二街146號,80,7,親愛寶貝大樓,安平區,安平分隊,藍
983,建平七街677號,100,12,富貴龍門大樓,安平區,安平分隊,藍
984,府平路386巷49號,180,15,力漢念真情大樓後門,安平區,安平分隊,藍
985,府安路4段24巷　,126,3.5,雙號23棟、單號23棟,安南區,安和分隊,紅
986,府安路4段34巷　,114,3.5,雙號18棟、單號18棟,安南區,安和分隊,紅
987,府安路4段91巷8弄　,180,3,雙號26棟、單號20棟,安南區,安和分隊,紅
988,府安路4段91巷18弄　,110,3,雙號9棟、單號13棟,安南區,安和分隊,紅
989,府安路4段91巷22弄　,250,3,雙號40棟、單號36棟,安南區,安和分隊,紅
990,惠安街51巷　,160,3.5,雙號32棟、單號40棟,安南區,安和分隊,紅
991,惠安街145巷　,280,3.8,雙號32棟、單號32棟,安南區,安和分隊,紅
992,惠安街151巷　,280,3.8,雙號32棟、單號32棟,安南區,安和分隊,紅
993,惠安街161巷　,280,3.5,單號32棟,安南區,安和分隊,紅
994,安中路1段113巷　,105,3,雙號20棟、單號3棟,安南區,安和分隊,紅
995,怡安路1段291巷　,105,2.5,雙號6棟、單號4棟,安南區,安和分隊,紅
996,怡安路1段446巷　,90,2.2,雙號15棟、單號3棟,安南區,安和分隊,紅
997,怡安路1段447巷　,140,2,雙號10棟、單號5棟,安南區,安和分隊,紅
998,安和路1段96巷32弄　,120,3.8,雙號20棟、單號16棟,安南區,安和分隊,紅
999,安和路1段220巷61弄　,150,3,雙號9樓、單號5棟,安南區,安和分隊,紅
1000,安和路1段288巷15弄　,120,2.5,雙號4棟、單號8棟,安南區,安和分隊,紅
1001,安和路1段288巷109弄　,115,3,288巷109弄單號5棟,安南區,安和分隊,紅
1002,安和路1段101巷　,160,3.8,安和路1段101巷雙號21棟,安南區,安和分隊,紅
1003,安和路1段123巷　,160,3,安和路1段123巷單號16棟,安南區,安和分隊,紅
1004,安和路1段215巷　,160,3.4,巷雙號14棟、單號9棟,安南區,安和分隊,紅
1005,安和路1段263巷　,230,2,雙號15棟、單號5棟,安南區,安和分隊,紅
1006,安和路1段285巷　,200,2.4,雙號19棟、單號13棟,安南區,安和分隊,紅
1007,安和路1段321巷　,135,2.3,雙號27棟、單號19棟,安南區,安和分隊,紅
1008,安和路1段459巷　,100,3.2,雙號17棟、單號7棟,安南區,安和分隊,紅
1009,安和路4段101巷　,120,2.4,雙號10棟、單號5棟,安南區,安和分隊,紅
1010,安和路5段81巷64弄　,120,2,64弄雙號8棟、單號4棟,安南區,安和分隊,紅
1011,安和路5段171巷47弄　,175,3,47弄雙號11棟、單號11棟,安南區,安和分隊,紅
1012,安和路5段171巷92弄　,140,2.8,92弄雙號5棟、單號7棟,安南區,安和分隊,紅
1013,安和路5段171巷181弄　,95,2.4,安和路5段171巷181弄單號6棟,安南區,安和分隊,紅
1014,安和路5段171巷191弄　,95,2.4,安和路5段171巷191弄單號7棟,安南區,安和分隊,紅
1015,長溪路1段159巷21弄　,100,3.5,雙號17棟、單號16棟,安南區,安和分隊,紅
1016,長溪路1段168巷10弄　,95,2.5,雙號1棟、單號6棟,安南區,安和分隊,紅
1017,長溪路1段168巷166弄　,95,2.5,單號4棟,安南區,安和分隊,紅
1018,長溪路1段342巷38弄　,95,3.5,雙號15棟、單號14棟,安南區,安和分隊,紅
1019,長溪路1段476巷　,142,3.5,雙號17棟、單號14棟,安南區,安和分隊,紅
1020,長溪路1段490巷　,120,3.5,雙號8棟、單號10棟,安南區,安和分隊,紅
1021,環福街220巷　,170,3.3,雙號24棟、單號24棟,安南區,安和分隊,紅
1022,公學路一段226巷　,190,2.9,2~10.1~41,安南區,安和分隊,紅
1023,郡安路4段249巷　,160,4,雙號30棟、單號30棟,安南區,安和分隊,黃
1024,長溪路1段387巷　,132,4,雙號2棟、單號5棟,安南區,安和分隊,黃
1025,安中路1段189巷48弄　,134,4,雙號28棟、單號27棟,安南區,安和分隊,黃
1026,安中路1段189巷70弄　,140,4,雙號28棟、單號28棟,安南區,安和分隊,黃
1027,安中路1段189巷92弄　,144,4,雙號29棟、單號9棟,安南區,安和分隊,黃
1028,安中路1段203巷　,129,4,雙號16棟、單號16棟,安南區,安和分隊,黃
1029,安中路1段354巷　,90,4,1棟,安南區,安和分隊,黃
1030,安生街78巷　,110,4,單號8棟,安南區,安和分隊,黃
1031,總安街一段90巷　,90,4,雙號9棟、單號8棟,安南區,安和分隊,黃
1032,安昌街242巷　,98,4,安昌街242巷23號、25號、33號,安南區,安和分隊,黃
1033,安昌街254巷　,102,4,雙號16棟、單號13棟,安南區,安和分隊,黃
1034,安昌街284巷　,97,4,安昌街284巷單號11棟,安南區,安和分隊,黃
1035,安昌街300巷　,103,4,安昌街300巷單號18棟,安南區,安和分隊,黃
1036,安和路2段318巷35弄　,87,4,雙號15棟、單號17棟,安南區,安和分隊,黃
1037,長和路1段845巷24弄　,200,4,雙號7棟,安南區,安和分隊,黃
1038,環福街216巷　,150,4,單號11棟,安南區,安和分隊,黃
1039,安中路六段554巷,200,2.5,1~27.2~24,安南區,土城分隊,紅
1040,安中路六段578巷,250,2.5,1~17.2~18,安南區,土城分隊,紅
1041,安中路六段581巷,250,2.5,15戶,安南區,土城分隊,紅
1042,安中路六段597巷,250,2.5,12戶,安南區,土城分隊,紅
1043,城北路72巷,100,2.5,4戶,安南區,土城分隊,紅
1044,城北路98巷6弄,100,2.3,12戶,安南區,土城分隊,紅
1045,城西街一段61巷27弄,150,2.5,4戶,安南區,土城分隊,紅
1046,城西街一段61巷28弄,250,3,10戶,安南區,土城分隊,紅
1047,城西街一段194巷,150,2.5,4戶,安南區,土城分隊,紅
1048,城西街一段215巷,100,2.5,5戶,安南區,土城分隊,紅
1049,城西街二段263巷,200,2.5,6戶,安南區,土城分隊,紅
1050,城北路112巷,150,2,17.27.29,安南區,土城分隊,紅
1051,城西街三段484巷,150,2.5,6戶,安南區,土城分隊,紅
1052,媽祖宮路137巷,100,2.8,7戶,安南區,土城分隊,紅
1053,媽祖宮路159巷,70,2.4,1~7,安南區,土城分隊,紅
1054,顯宮二街55巷,100,2.3,1~19.2~6,安南區,土城分隊,紅
1055,四草大道81巷,1100,3.6,1~19.2~18,安南區,土城分隊,紅
1056,大眾六街181巷,200,2.8,7戶,安南區,土城分隊,紅
1057,顯宮二街58巷,250,3.6,1~29.2~28,安南區,土城分隊,紅
1058,顯宮一街,600,3.7,全,安南區,土城分隊,紅
1059,媽祖宮二街,400,3.7,全,安南區,土城分隊,紅
1060,大眾五街92巷,80,3.3,2~14,安南區,土城分隊,紅
1061,府安路七段10巷,145,4,12.14.15.17,安南區,土城分隊,紅
1062,府安路七段19巷,145,4,3.4,安南區,土城分隊,紅
1063,府安路七段28巷,145,4,2.13.17,安南區,土城分隊,紅
1064,府安路七段37巷,145,4,3.7,安南區,土城分隊,紅
1065,府安路七段48巷,145,4,23,安南區,土城分隊,紅
1066,府安路七段57巷,145,4,3.9.10.11.12.17.24.28,安南區,土城分隊,紅
1067,府安路七段66巷,145,4,3.7.12.14.17.19.21.23.25,安南區,土城分隊,紅
1068,府安路七段75巷,145,4,11.19.26,安南區,土城分隊,紅
1069,府安路七段84巷,145,4,3.12.14.16.19.23,安南區,土城分隊,紅
1070,府安路七段93巷,145,4,6.8.12.14,安南區,土城分隊,紅
1071,府安路七段102巷,145,4,全,安南區,土城分隊,紅
1072,北汕尾二路550巷,400,3.6,全,安南區,土城分隊,紅
1073,北汕尾ㄧ路439巷,350,3.6,16.18.15.17.11.18-1.13.19.23.37.39,安南區,土城分隊,紅
1074,北汕尾二路800巷,200,3,全,安南區,土城分隊,紅
1075,大眾六街42巷,100,3,2.3.13.15.17.20,安南區,土城分隊,紅
1076,大眾六街126巷,300,3,3.7.13.18.28.47.49,安南區,土城分隊,紅
1077,公學路五段697巷,300,5,安南居易大樓附近街道雲梯車無法操作,安南區,土城分隊,紅
1078,公學路六段458巷,50,4,3戶,安南區,土城分隊,紅
1079,公學路六段490巷,50,4,5戶,安南區,土城分隊,紅
1080,公學路六段642巷,60,4,6戶,安南區,土城分隊,紅
1081,公學路六段660巷,80,4,5戶,安南區,土城分隊,紅
1082,公學路六段672巷,50,4,2戶,安南區,土城分隊,紅
1083,公學路五段363巷,120,4,13戶,安南區,土城分隊,紅
1084,安興街43巷,120,4,20戶,安南區,土城分隊,紅
1085,安興街120巷,40,4,5戶,安南區,土城分隊,紅
1086,安興街702巷,50,4,14戶,安南區,土城分隊,紅
1087,安興街156巷,50,4,5戶,安南區,土城分隊,紅
1088,安中路六段429巷,500,4.5,18.20.22.24.26.28.30.33.48.50,安南區,土城分隊,黃
1089,安中路六段519巷,300,4.7,1~29.2~30,安南區,土城分隊,黃
1090,城西街一段181巷,200,4.6,20戶,安南區,土城分隊,黃
1091,法華街,300M,2.1,單1-163      雙2-212號,中西區,南門分隊,紅
1092,健康路一段296巷,50M,3.7,單13-21      雙2-20號,中西區,南門分隊,紅
1093,健康路一段328巷,50M,3.4,單1-11      雙8-24號,中西區,南門分隊,紅
1094,永福路一段61巷,50M,1.1,單1-5      雙2-52號,中西區,南門分隊,紅
1095,永福路一段24巷,50M,1,1-6號,中西區,南門分隊,紅
1096,忠義路一段24巷,200M,3.1,單1-163      雙2-212號,中西區,南門分隊,紅
1097,大同路一段238巷,50M,3.2,單1-13      雙4-32號,中西區,南門分隊,紅
1098,樹林街二段125巷,50M,2.9,單3-33      雙2-22號,中西區,南門分隊,紅
1099,南寧街,30M,2.3,19-25號,中西區,南門分隊,紅
1100,南寧街37巷,30M,2.8,2  .  3 號,中西區,南門分隊,紅
1101,南寧街106巷,50M,1.5,1-11號,中西區,南門分隊,紅
1102,南寧街120巷,50M,1.8,單1-19      雙2-20號,中西區,南門分隊,紅
1103,南寧街136巷,50M,2.3,單1-9      雙2-12號,中西區,南門分隊,紅
1104,南寧街83巷,50M,2,單1-19     雙2-38號,中西區,南門分隊,紅
1105,南寧街71巷,50M,3.2,單1-19號,中西區,南門分隊,紅
1106,府緯街4巷,50M,3.9,單1-33      雙6號,中西區,南門分隊,紅
1107,府緯街9巷,50M,3.7,單1-29      雙2-26號,中西區,南門分隊,紅
1108,府緯街72巷,50M,3.5,單1-7      雙2-16號,中西區,南門分隊,紅
1109,五妃街322巷,40M,2.7,單3-35      雙4-26號,中西區,南門分隊,紅
1110,五妃街380巷,40M,3.2,單1-21      雙2-18號,中西區,南門分隊,紅
1111,五妃街321巷,40M,2.8,單1-7      雙2-14號,中西區,南門分隊,紅
1112,南門路259巷,40M,3,單1-9      雙2-20號,中西區,南門分隊,紅
1113,南門路245巷,40M,3.7,單1-7      雙2-22號,中西區,南門分隊,紅
1114,南門路237巷,50M,3,雙4號,中西區,南門分隊,紅
1115,南門路231巷,50M,2.9,單1-13      雙2-8號,中西區,南門分隊,紅
1116,南門路227巷,50M,2.7,單3-17      雙2-16號,中西區,南門分隊,紅
1117,南門路209巷,50M,3.2,單1-29      雙2-24號,中西區,南門分隊,紅
1118,南門路187巷,50M,3.8,單1-61      雙2-28號,中西區,南門分隊,紅
1119,大同路二段482巷72弄,50M,4,17.8~20.42.46,南區,南門分隊,紅
1120,大同路二段186巷5弄,50M,2.2,1~9.2~18,南區,南門分隊,紅
1121,中華南路一段26巷,50M,2.4,2號,南區,南門分隊,紅
1122,中華南路一段19巷,50M,2.2,1~23.2~24,南區,南門分隊,紅
1123,中華南路一段27巷,50M,2.4,5.2~34,南區,南門分隊,紅
1124,中華南路一段33巷,50M,2.1,2~8.18~30.38.40,南區,南門分隊,紅
1125,中華南路一段41巷,50M,2.3,2~32.,南區,南門分隊,紅
1126,中華南路一段53巷,50M,2.9,1~33.2~52,南區,南門分隊,紅
1127,中華南路一段97巷,50M,2.5,1.3.11.15~23.2~20.43~53.59.34~68,南區,南門分隊,紅
1128,公英六街,50M,2.3,1~55.2~48,南區,南門分隊,紅
1129,國民路116巷12弄,50M,2.7,國民路116巷12弄1-16號,南區,南門分隊,紅
1130,國民路116巷18弄,50M,1.1,國民路116巷18弄1-16號,南區,南門分隊,紅
1131,國民路176巷5弄,50M,1.9,國民路176巷5弄1-17號,南區,南門分隊,紅
1132,大同路二段750巷74弄,50M,2.1,大同路二段750巷74弄1-33號,南區,南門分隊,紅
1133,健康路一段133巷32弄,50M,2.9,健康路一段133巷32弄2-12號,南區,南門分隊,紅
1134,健康路一段391巷16弄,50M,2.8,1~11.2~12共12,南區,南門分隊,紅
1135,健康路一段391巷18弄,50M,2.6,1~11.2~12共12戶,南區,南門分隊,紅
1136,健康路一段50巷,50M,6.2,單1-41    雙2-16號,中西區,南門分隊,黃
1137,健康路一段100巷,50M,6,單3-9    雙2-26號,中西區,南門分隊,黃
1138,健康路一段150巷,50M,5.7,單1-25    雙2-20號,中西區,南門分隊,黃
1139,健康路一段140巷,50M,5.2,單1-7 31-35 雙2-36號,中西區,南門分隊,黃
1140,健康路一段160巷,50M,4.9,單1-31    雙2-34號,中西區,南門分隊,黃
1141,健康路一段170巷1弄,50M,5.2, 雙2-16號,中西區,南門分隊,黃
1142,健康路一段200巷1弄,50M,5.5, 雙2-8號,中西區,南門分隊,黃
1143,健康路一段310巷,50M,5.5,單1-21    雙2-20號,中西區,南門分隊,黃
1144,健康路一段410巷,50M,5.2,單1-39    雙2-36號,中西區,南門分隊,黃
1145,健康路一段390巷,50M,5.3,單1-77    雙2-46號,中西區,南門分隊,黃
1146,健康路一段420巷,50M,5.3,單1-27    雙2-26號,中西區,南門分隊,黃
1147,健康路一段200巷,50M,6.1,單1-29    雙2-4號,中西區,南門分隊,黃
1148,南門路44巷,50M,6.1,單1-21    雙2-22號,中西區,南門分隊,黃
1149,南門路48巷,50M,6,單1-21    雙2-22號,中西區,南門分隊,黃
1150,南門路68巷,50M,6.1,單1-25    雙2-20號,中西區,南門分隊,黃
1151,大同路二段406巷11弄,50M,5,19戶,南區,南門分隊,黃
1152,大同路二段482巷155弄,50M,4.5,8戶,南區,南門分隊,黃
1153,大同路二段620巷,50M,4.4,15戶,南區,南門分隊,黃
1154,大同路二段640巷,100M,6,110戶,南區,南門分隊,黃
1155,大同路二段640巷68弄,50M,6,單1-11    雙2-12號,南區,南門分隊,黃
1156,中華南路一段142巷16弄,50M,6,6戶,南區,南門分隊,黃
1157,中華南路一段125巷12弄,50M,6.6,10戶,南區,南門分隊,黃
1158,中華南路一段125巷32弄,50M,4,21戶,南區,南門分隊,黃
1159,中華南路一段175巷5弄,50M,4,24戶,南區,南門分隊,黃
1160,中華南路一段193巷,50M,4,6戶,南區,南門分隊,黃
1161,國民路270巷6弄,50M,6,58戶,南區,南門分隊,黃
1162,公英一街,50M,6,59戶,南區,南門分隊,黃
1163,公英四街,50M,6,39戶,南區,南門分隊,黃
1164,公英七街,50M,6,9戶,南區,南門分隊,黃
1165,體育路43巷,50M,4.1,39戶,南區,南門分隊,黃
1166,健康路一段333巷,50M,6,4戶,南區,南門分隊,黃
1167,大同路二段640巷35弄,50M,6,3戶,南區,南門分隊,黃
1168,大同路二段640巷82弄,50M,6,9戶,南區,南門分隊,黃
1169,大同路二段640巷118弄,50M,6,10戶,南區,南門分隊,黃
1170,國民路50巷,50M,6,38戶,南區,南門分隊,黃
1171,大同路二段704巷,50M,6,45戶,南區,南門分隊,黃
1172,國民路60巷,50M,6,1戶,南區,南門分隊,黃
1173,國民路116巷9弄,50M,6,7戶,南區,南門分隊,黃
1174,國民路116巷15弄,50M,6,7戶,南區,南門分隊,黃
1175,國民路116巷6弄,50M,6,6戶,南區,南門分隊,黃
1176,國民路140巷,50M,6,7戶,南區,南門分隊,黃
1177,國民路158巷,50M,6,15戶,南區,南門分隊,黃
1178,國民路165巷7弄,50M,6,17戶,南區,南門分隊,黃
1179,國民路165巷21弄,50M,6,28戶,南區,南門分隊,黃
1180,國民路165巷35弄,75M,6,64戶,南區,南門分隊,黃
1181,國民路165巷8弄,75M,6,63戶,南區,南門分隊,黃
1182,國民路165巷22弄,50M,6,32戶,南區,南門分隊,黃
1183,國民路165巷36弄,50M,6,30戶,南區,南門分隊,黃
1184,大同路二段712巷,50M,6,36戶,南區,南門分隊,黃
1185,大同路二段726巷,50M,6,13戶,南區,南門分隊,黃
1186,大同路二段750巷40弄,50M,6,8戶,南區,南門分隊,黃
1187,大同路二段750巷134弄,50M,6,53戶,南區,南門分隊,黃
1188,大同路二段750巷164弄,50M,6,26戶,南區,南門分隊,黃
1189,國民路217巷,50M,6,11戶,南區,南門分隊,黃
1190,國民路217巷6弄,50M,6,55戶,南區,南門分隊,黃
1191,國民路217巷12弄,50M,6,17戶,南區,南門分隊,黃
1192,國民路217巷24弄,50M,6,22戶,南區,南門分隊,黃
1193,健康路一段133巷,50M,6,28戶,南區,南門分隊,黃
1194,大成路一段193巷,150M,6,138戶,南區,南門分隊,黃
1195,大同路二段100巷,150M,3.5,1~22號共22戶,南區,南門分隊,藍
1196,大同路二段112巷,150M,3.5,1~22號共22戶,南區,南門分隊,藍
1197,大同路二段136巷,150M,3.5,1~22號共22戶,南區,南門分隊,藍
1198,大同路二段164巷,150M,3.5,1~22號共22戶,南區,南門分隊,藍
1199,大同路二段186巷,150M,3.5,1~22號共22戶,南區,南門分隊,藍
1200,大同路一段22巷,約120公尺,2.5,單13-75   雙2-8,中西區,中正分隊,紅
1201,大同路一段46巷,約120公尺,1.5,單3-39    雙4-88,中西區,中正分隊,紅
1202,中山路79巷,約120公尺,2.3,單1-5     雙6-72,中西區,中正分隊,紅
1203,中山路82巷,約120公尺,2,單11-21   雙2-30,中西區,中正分隊,紅
1204,中正路21巷,約150公尺,1.4,單1-33,中西區,中正分隊,紅
1205,中正路53巷,約120公尺,2.1,單1-13    雙2-22,中西區,中正分隊,紅
1206,民生路一段132巷,約150公尺,1.3,單1-17    雙14-30,中西區,中正分隊,紅
1207,民生路一段156巷,約120公尺,2.5,單3-25    雙2-34,中西區,中正分隊,紅
1208,民生路一段157巷,約150公尺,1.4,單3-45    雙2-32,中西區,中正分隊,紅
1209,民族路二段317巷,約150公尺,2.9,單3-5     雙2-46,中西區,中正分隊,紅
1210,民族路二段57巷,約150公尺,2.8,單1-9     雙6-40,中西區,中正分隊,紅
1211,民權路二段64巷,約250公尺,1.1,單1-53    雙2-56,中西區,中正分隊,紅
1212,永福路一段102巷,約150公尺,2.5,單1-27    雙2-52,中西區,中正分隊,紅
1213,永福路一段108巷,約150公尺,2.4,單1-5     雙2-24,中西區,中正分隊,紅
1214,永福路一段68巷,約120公尺,1.3,單1-17    雙2-12,中西區,中正分隊,紅
1215,永福路二段197巷,約120公尺,1,單1-15    雙2-16,中西區,中正分隊,紅
1216,永福路二段227巷,約120公尺,1.5,單1-53    雙2-18,中西區,中正分隊,紅
1217,西門路一段702巷,約120公尺,2.1,單1-29    雙2-24,中西區,中正分隊,紅
1218,西門路一段734巷,約150公尺,2.3,單5-13    雙2-22,中西區,中正分隊,紅
1219,西門路二段228巷,約100公尺,1.2,單5-13    雙2-42,中西區,中正分隊,紅
1220,府前路一段122巷,約120公尺,1.5,單23-109  雙62-96,中西區,中正分隊,紅
1221,府前路一段61巷,約120公尺,1.8,單1-53      ,中西區,中正分隊,紅
1222,府前路一段85巷,約120公尺,2.9,單21-51   雙4-38,中西區,中正分隊,紅
1223,府前路一段90巷,約150公尺,2.5,單1-73    雙10-64,中西區,中正分隊,紅
1224,忠義路二段158巷,約250公尺,2.5,單1-25    雙6-62,中西區,中正分隊,紅
1225,忠義路二段233巷,約180公尺,2.5,單7-47    雙2-58,中西區,中正分隊,紅
1226,青年路132巷,約150公尺,2.8,單3-45    雙2-46,中西區,中正分隊,紅
1227,青年路137巷,約180公尺,1.6,單1-67    雙2-42,中西區,中正分隊,紅
1228,青年路164巷,約150公尺,3.6,單1-43    雙2-32,中西區,中正分隊,紅
1229,青年路47巷,約120公尺,3.3,單1-23    雙2-30,中西區,中正分隊,紅
1230,開山路127巷,約200公尺,2.5,單5-109   雙4-102,中西區,中正分隊,紅
1231,開山路3巷,約180公尺,1.2,單1-51    雙2-72,中西區,中正分隊,紅
1232,新美街,約250公尺,2.5,單85-137  雙94-158,中西區,中正分隊,紅
1233,衛民街108巷,約80公尺,2.1,單1-37    雙2-38,中西區,中正分隊,紅
1234,衛民街124巷,約150公尺,2,單1-33    雙2-42,中西區,中正分隊,紅
1235,北門路一段123巷,約180公尺,3,單1-27    雙2-62,中西區,中正分隊,紅
1236,永福路一段68巷,約120公尺,1.3,永福路一段68巷12號,中西區,中正分隊,藍
1237,大同路二段61巷,約150公尺,3,23號~195號 ，26號~208號,東區,崇善分隊,紅
1238,大同路二段61巷136弄,約150公尺,3.5,2~16號,東區,崇善分隊,紅
1239,大同路二段449巷,約180公尺,2.5,1~73號、2~42號,東區,崇善分隊,紅
1240,大同路二段449巷2弄,約190公尺,3,1~49號、.2~40號,東區,崇善分隊,紅
1241,仁和路73弄,約90公尺,3.2,73之1~73之17號、73之2~73之16號,東區,崇善分隊,紅
1242,仁和路77弄,約90公尺,3.2,77之1~15號、77之2~16號,東區,崇善分隊,紅
1243,文東街2巷,約156公尺,3.5,1~18號,東區,崇善分隊,紅
1244,立德十一路55巷38弄,約110公尺,3,1號~69號.、2號~54號,東區,崇善分隊,紅
1245,東門路3段280巷,約133公尺,3.2,1~37號、2~46號,東區,崇善分隊,紅
1246,長東街79巷,約99公尺,3.95,1~57號、2~38號,東區,崇善分隊,紅
1247,長東街103巷33弄,約90公尺,3.8,1~32號,東區,崇善分隊,紅
1248,長東街108巷,約171公尺,3.9,1~59號、2~56號,東區,崇善分隊,紅
1249,崇善十五街33巷,約90公尺,3.9,1~89號、2~110號.56號98戶,東區,崇善分隊,紅
1250,崇善路913巷,約82公尺,3,1~47號、2~68號,東區,崇善分隊,紅
1251,崇德二十六街,約216公尺,3.8,1~73號、2~94號.長東街100號4戶,東區,崇善分隊,紅
1252,崇德二十七街,約215公尺,3.8,39~61號、58~78號,東區,崇善分隊,紅
1253,崇德三十一街,約229公尺,3.9,1-65號、2-64號,東區,崇善分隊,紅
1254,崇德三十街,約226公尺,3.5,1~81號、2~88號,東區,崇善分隊,紅
1255,仁和路107巷,約380公尺,3.9,1-113號、2-140號,東區,崇善分隊,紅
1256,仁和路109巷,約380公尺,3.7,1-135號、2-124號,東區,崇善分隊,紅
1257,仁和路111巷,約210公尺,4.1,1-87號、2-76號,東區,崇善分隊,紅
1258,中華東路三段380巷55弄,約122公尺,5,1號至37號、2號至46號,東區,崇善分隊,黃
1259,立德七路,約180公尺,5,1號至53號、2號至44號,東區,崇善分隊,黃
1260,立德九路,約188公尺,4.5,53號至71號、52號至74號,東區,崇善分隊,黃
1261,立德二路,約220公尺,5,1號至65號、2號至84號,東區,崇善分隊,黃
1262,立德八路,約210公尺,5,1號至75號、2號至80號,東區,崇善分隊,黃
1263,立德十路46巷,約160公尺,5,1號至21號、2號至16號,東區,崇善分隊,黃
1264,立德三路,約220公尺,5,1號至49號、2號至52號,東區,崇善分隊,黃
1265,立德五路,約230公尺,5,1號至43號、2號至50號,東區,崇善分隊,黃
1266,立德六路,約225公尺,5,1號至43號、2號至44號,東區,崇善分隊,黃
1267,立德四路,約230公尺,5,1號至49號、2號至50號,東區,崇善分隊,黃
1268,長東街141巷,約180公尺,5.5,1號至47號、2號至52號,東區,崇善分隊,黃
1269,長東街143巷,約180公尺,5.3,1號至59號、2號至62號,東區,崇善分隊,黃
1270,崇善十五街,約380公尺,5.5,58號至74號、55號至73號,東區,崇善分隊,黃
1271,崇善十五街42巷,約60公尺,5,1號至7號,東區,崇善分隊,黃
1272,崇善十五街50巷,約68公尺,5.9,2號至12號、1號至13號,東區,崇善分隊,黃
1273,崇德三十二街,約175公尺,5.2,17號至85號、12號至100號,東區,崇善分隊,黃
1274,榮譽街84巷第一條巷,約210公尺,4.5,1號至25之3號,東區,崇善分隊,黃
1275,榮譽街84巷第二條巷,約225公尺,4.8,27號至79號,東區,崇善分隊,黃
1276,榮譽街84巷第三條巷,約225公尺,4.8,79之5號至111之7號,東區,崇善分隊,黃
1277,榮譽街123巷1弄,約120公尺,4.5,1號至11號、2號至18號,東區,崇善分隊,黃
1278,榮譽街130巷,約100公尺,5,1號至9號,東區,崇善分隊,黃
1279,德東街16巷,約72公尺,4.7,2號至32號,東區,崇善分隊,黃
1280,中華東路三段509號,約50公尺,4.5,507、509、511號共87戶(品富建設10F),東區,崇善分隊,藍
1281,中華東路三段530號,約42公尺,5,中華東路三段530號共78戶,東區,崇善分隊,藍
1282,中華東路三段541號,約32公尺,4.5,541號共58戶(總陞建設10F),東區,崇善分隊,藍
1283,中華東路三段551號,約27公尺,4.5,551號(香里嵐賓館7F),東區,崇善分隊,藍
1284,自由路二段175巷38弄,約27公尺,3.5,2號至22號共56戶(南元江山大樓),東區,崇善分隊,藍
1285,林森路一段156號,約33公尺,5,156號(哥爸妻夫大飯店7F),東區,崇善分隊,藍
1286,林森路一段158號,約22公尺,5,158號共122戶(祥園大廈6F),東區,崇善分隊,藍
1287,林森路一段160號,約25公尺,5,160號共198戶(巴黎廣場11F),東區,崇善分隊,藍
1288,崇明四街26巷,約120公尺,4.5,2號至6號共54戶(文化生活家9F),東區,崇善分隊,藍
1289,崇德二十五街,約210公尺,5.8,21號至53號共347戶(台糖陽光公園),東區,崇善分隊,藍
1290,崇德二十六街,約216公尺,4,59號共41戶(大隆鄉廈),東區,崇善分隊,藍
1291,崇學路16巷,約150公尺,6.5,18號163戶(文化天廈),東區,崇善分隊,藍
1292,榮譽街274號至榮譽街290巷,約120公尺,6.5,18號164戶(文化天廈),東區,崇善分隊,藍
1293,新興路93巷3弄,10,4,12~48.21~49共34戶,南區,德興分隊,紅
1294,新興路93巷,15,2.2,2~54.1~7.13.17.21~25共31戶,南區,德興分隊,紅
1295,新興路113巷,25,2.2,1-101號共25戶,南區,德興分隊,紅
1296,新興路113巷35弄,30,2.2,1~21.2~22共21戶,南區,德興分隊,紅
1297,新興路161巷,20,2.8,9.19.19-1.21.25.29.31.35~45.2.2-1.4.8.12~16.20.24.32~36.42.44共27戶,南區,德興分隊,紅
1298,大?街170巷,30,1.4,大?街170巷2-31號,南區,德興分隊,紅
1299,大?街160巷,15,1.2,大?街160巷2-20號,南區,德興分隊,紅
1300,大?街154巷,15,1.2,大?街154巷1-21號,南區,德興分隊,紅
1301,大德街141巷,15,1.2,大德街141巷1號一105號,南區,德興分隊,紅
1302,大德街,10,2.4,大德街131-1號一135號,南區,德興分隊,紅
1303,健康路二段116巷7弄,10,2.4,健康路二段116巷7弄1-13號,南區,德興分隊,紅
1304,健康路二段53巷51弄,10,1.8,健康路二段53巷51弄1-25號,南區,德興分隊,紅
1305,金華路二段345巷26弄,10,2.8,金華路二段345巷26弄1-37號,南區,德興分隊,紅
1306,金華路二段345巷8弄,10,2.4,金華路二段345巷8弄9-22號,南區,德興分隊,紅
1307,金華路二段345巷44弄,10,2.4,金華路二段345巷44弄1-34號,南區,德興分隊,紅
1308,金華路二段399巷,10,2.8,金華路二段399巷2-23號,南區,德興分隊,紅
1309,金華路一段154巷,15,2.5,金華路一段154巷30-44號,南區,德興分隊,紅
1310,金華路一段484巷121弄,10,2,金華路一段484巷121弄1-13,南區,德興分隊,紅
1311,金華路一段484巷127弄,10,2,金華路一段484巷127弄18-20號,南區,德興分隊,紅
1312,金華路一段530巷10弄,10,2,金華路一段530巷10弄1-18號,南區,德興分隊,紅
1313,金華路一段540巷,10,2.5,金華路一段540巷1-19號,南區,德興分隊,紅
1314,大成路二段81巷5弄,10,2,大成路二段81巷5弄1-12號,南區,德興分隊,紅
1315,大成路二段81巷,10,1,大成路二段81巷50-60號,南區,德興分隊,紅
1316,大成路二段143巷,25,1,大成路二段143巷2-81號,南區,德興分隊,紅
1317,大成路二段223巷1弄,20,2.1,大成路二段223巷1弄1-26,南區,德興分隊,紅
1318,大成路二段223巷5弄,20,2.1,大成路二段223巷5弄1-28號,南區,德興分隊,紅
1319,國華街一段22巷,35,1.8,國華街一段22巷1-15號,南區,德興分隊,紅
1320,永成路三段461巷2弄,35,2,永成路三段461巷2弄,南區,德興分隊,紅
1321,永成路三段240巷,30,1,永成路三段240巷,南區,德興分隊,紅
1322,鹽埕路291巷31弄,30,2.1,1.2.3.7.19.6~22.23~35共22戶,南區,德興分隊,紅
1323,西門路一段279巷16弄,35,6,西門路一段279巷16弄,南區,德興分隊,黃
1324,金華路一段352巷88弄,30,6,金華路一段352巷88弄,南區,德興分隊,黃
1325,新都路488巷,35,6,新都路488巷,南區,德興分隊,黃
1326,新都路436巷,30,6,新都路436巷,南區,德興分隊,黃
1327,金華路一段352巷130弄,40,6,金華路一段352巷130弄,南區,德興分隊,黃
1328,金華路一段352巷75弄,30,6,金華路一段352巷75弄,南區,德興分隊,黃
1329,金華路一段352巷193弄,35,6,金華路一段352巷193弄,南區,德興分隊,黃
1330,金華路一段272巷,30,6,金華路一段272巷,南區,德興分隊,黃
1331,金華路一段352巷34弄,35,6,金華路一段352巷34弄,南區,德興分隊,黃
1332,新興路461巷8弄,30,6,新興路461巷8弄,南區,德興分隊,黃
1333,新興路439巷4弄,20,6,新興路439巷4弄,南區,德興分隊,黃
1334,金華路二段3巷,35,6,金華路二段3巷,南區,德興分隊,黃
1335,金華路二段21巷,40,6,金華路二段21巷,南區,德興分隊,黃
1336,金華路二段9巷,30,6,金華路二段9巷,南區,德興分隊,黃
1337,健康路二段234巷,30,6,健康路二段234巷,南區,德興分隊,黃
1338,金華路二段27巷,50,6,金華路二段27巷,南區,德興分隊,黃
1339,金華路二段33巷,30,6,金華路二段33巷,南區,德興分隊,黃
1340,金華路二段39巷,15,6,金華路二段39巷,南區,德興分隊,黃
1341,金華路二段51巷,40,6,金華路二段51巷,南區,德興分隊,黃
1342,中華南路二段233巷31弄,10,6,中華南路二段233巷31弄,南區,德興分隊,黃
1343,金華路一段484巷99弄,10,6,金華路一段484巷99弄,南區,德興分隊,黃
1344,大成路二段177巷28弄,10,6,大成路二段177巷28弄,南區,德興分隊,黃
1345,永成路三段357巷,15,6,永成路三段357巷,南區,德興分隊,黃
1346,永成路三段461巷6弄,25,6,永成路三段461巷6弄,南區,德興分隊,黃
1347,永成路三段551巷,25,6,永成路三段551巷,南區,德興分隊,黃
1348,新都路520巷,25,4.4,11號~69號.12號~68號,南區,德興分隊,藍
1349,新都路520巷1弄,25,4.4,1號.3號.3-1號.5號.6號,南區,德興分隊,藍
1350,鯤鯓路104巷12弄,約170m,約2.5m,鯤鯓路104巷12弄1-43號,南區,灣裡分隊,紅
1351,鯤鯓路104巷16弄,約30m,約2.1m,鯤鯓路104巷16弄1-11號,南區,灣裡分隊,紅
1352,鯤鯓路104巷,約220m,約3.5m,雙號：20-36號.單號：45-69號,南區,灣裡分隊,紅
1353,鯤鯓路102巷,約60m,約2.3m,鯤鯓路102巷114號前,南區,灣裡分隊,紅
1354,鯤鯓路119巷,約140m,約4m,鯤鯓路119巷16-1號前,南區,灣裡分隊,紅
1355,鯤鯓路137巷,約100m,約2m,1-6號,南區,灣裡分隊,紅
1356,鯤鯓路162巷,約110m,約2.2m,單號：1-15號.雙號：2-28號,南區,灣裡分隊,紅
1357,鯤鯓路194巷,約190m,約2.3m,單號：1-85號.雙號：2-52號,南區,灣裡分隊,紅
1358,鯤鯓路208巷,約50m,約2.8m,單號：1-11號.雙號：2-12號,南區,灣裡分隊,紅
1359,鯤鯓路232巷,約360m,約3m,單號：1-79號.雙號：2-80號,南區,灣裡分隊,紅
1360,喜樹路178巷,約40m,約2.2m,單號：1-3號.雙號：2-14號,南區,灣裡分隊,紅
1361,喜樹路222巷92弄,約70m,約1.8m,1-7號(單號),南區,灣裡分隊,紅
1362,明興路943巷,約150m,約4m,單號：1-23號.雙號：2-24號,南區,灣裡分隊,紅
1363,明興路1129巷,約130m,約3m,2-22號(雙號),南區,灣裡分隊,紅
1364,明興路1356巷5弄,約80m,約4m,1-23號(單號),南區,灣裡分隊,紅
1365,明興路1356巷,約100m,約2.4m,單號：1-15號.雙號：2-8號,南區,灣裡分隊,紅
1366,喜樹路168巷,約80m,約2.5m,喜樹路168巷1-17.2-22,南區,灣裡分隊,紅
1367,喜樹路222巷8弄,約120m,約2.1m,2-16號(雙號),南區,灣裡分隊,紅
1368,喜樹路222巷6弄,約130m,約2m,2-20號(雙號),南區,灣裡分隊,紅
1369,喜樹路222巷7弄,約25m,約1.4m,1-11號(單號),南區,灣裡分隊,紅
1370,喜樹路146巷,約110m,約3.1m,單號：1-17號.雙號：2-20號,南區,灣裡分隊,紅
1371,喜樹路222巷29弄,約160m,約1.8m,單號：1-21號.雙號：2-22號,南區,灣裡分隊,紅
1372,喜樹路222巷37弄,約80m,約1.4m,1-25號(單號),南區,灣裡分隊,紅
1373,喜樹路252巷,約90m,約3.4m,單號：1-43號.雙號：2-16號,南區,灣裡分隊,紅
1374,喜樹路252巷27弄,約60m,約1.6m,1-10號,南區,灣裡分隊,紅
1375,喜樹路254巷,約210m,約3.3m,1-52號,南區,灣裡分隊,紅
1376,喜樹路270巷,約210m,約2.5m,單號：1-23號.雙號：2-50號,南區,灣裡分隊,紅
1377,喜樹路288巷,約100m,約1.3m,單號：1-63號.雙號：2-76號,南區,灣裡分隊,紅
1378,喜樹路302巷,約190m,約4m,單號：1-49號.雙號：2-50號,南區,灣裡分隊,紅
1379,喜樹路316巷,約50m,約2.4m,單號：1-7號.雙號：2-40號,南區,灣裡分隊,紅
1380,明興路861巷,約70m,約3.5m,24-30號(雙號),南區,灣裡分隊,紅
1381,明興路1231巷,約50m,約3m,1-7號(單號),南區,灣裡分隊,紅
1382,明興路1129巷1弄,約60m,約3m,明興路1129巷1弄1-11.2-20,南區,灣裡分隊,紅
1383,明興路1013巷,約50m,約2.5m,明興路1013巷,南區,灣裡分隊,紅
1384,灣裡路72巷,約90m,約3.6m,單號：3-17號.雙號：14-24號,南區,灣裡分隊,紅
1385,灣裡路88巷至省躬一街口,約130m,約3.8m,單號：5-15號.雙號：14-24號,南區,灣裡分隊,紅
1386,灣裡路88巷3弄,約220m,約3m,單號：1-55號.雙號：14-24號,南區,灣裡分隊,紅
1387,灣裡路88巷139弄,約50m,約2.9m,單號：9-13號.雙號：2-20號,南區,灣裡分隊,紅
1388,灣裡路114巷,約50m,約1.6m,單號：1-9號.雙號：2-8號,南區,灣裡分隊,紅
1389,灣裡路136巷,約60m,約1.5m,單號：1-15號.雙號：12-20號,南區,灣裡分隊,紅
1390,灣裡路148巷,約50m,約1.5m,單號：3-11號.雙號：2-20號,南區,灣裡分隊,紅
1391,灣裡路152巷,約50m,約1.5m,1-8號,南區,灣裡分隊,紅
1392,灣裡路162巷,約60m,約2.6m,單號：1-23號.雙號：2-24號,南區,灣裡分隊,紅
1393,灣裡路186巷,約60m,約2.2m,單號：1-9號.雙號：2-24號,南區,灣裡分隊,紅
1394,灣裡路196巷,約100m,約2.2m,單號：7-13號.雙號：2-12號,南區,灣裡分隊,紅
1395,灣裡路206巷,約100m,約1.6m,單號：1-39號.雙號：2-8號,南區,灣裡分隊,紅
1396,灣裡路218巷,約70m,約2.1m,單號：1-9號.雙號：2-12號,南區,灣裡分隊,紅
1397,灣裡路238巷,約90m,約1.5m,4-18號(雙號),南區,灣裡分隊,紅
1398,灣裡路246巷,約90m,約2.5m,單號：3-15號.雙號：6-18號,南區,灣裡分隊,紅
1399,灣裡路282巷124弄,約100m,約3m,1-11號(單號),南區,灣裡分隊,紅
1400,灣裡路282巷36弄,約110m,約3.2m,5-59號8之1-22號,南區,灣裡分隊,紅
1401,灣裡路282巷68弄,約100m,約2.8m,單號：3之1-23號.雙號：2-54號,南區,灣裡分隊,紅
1402,灣裡路282巷88弄,約90m,約2.2m,3-11號10-24號9-15號,南區,灣裡分隊,紅
1403,灣裡路282巷30弄,約60m,約2m,6之1-14號,南區,灣裡分隊,紅
1404,灣裡路324巷,約60m,約1.6m,單號：1-19號.雙號：22-28號,南區,灣裡分隊,紅
1405,灣裡路348巷,約60m,約1.5m,單號：3-21號.雙號：6-22號,南區,灣裡分隊,紅
1406,灣裡路372巷,約90m,約1.5m,單號：7-49號.雙號：6-24號,南區,灣裡分隊,紅
1407,灣裡路400巷,約160m,約2.8m,單號：9-45號.雙號：4-44號,南區,灣裡分隊,紅
1408,灣裡路400巷11弄,約70m,約2.5m,2之10號-48號(雙號),南區,灣裡分隊,紅
1409,灣裡路448巷,約190m,約2.2m,1-18號,南區,灣裡分隊,紅
1410,興南街86巷,約170m,約2.6m,單號：11-31號.雙號：4-40號,南區,灣裡分隊,紅
1411,興南街92巷,約80m,約1.5m,3-29號(單號),南區,灣裡分隊,紅
1412,興南街124巷,約100m,約3.2m,單號：1-15號.雙號：10-38號,南區,灣裡分隊,紅
1413,灣裡路88巷52弄,約90m,約2m,單號：7-19號.雙號：2-32號,南區,灣裡分隊,紅
1414,灣裡路88巷,約130m,約3.6m,207-215號(單號),南區,灣裡分隊,紅
1415,灣裡路476巷,約50m,約2m,2-8號(雙號),南區,灣裡分隊,紅
1416,灣裡路496巷,約70m,約1.2m,單號：1-9號.雙號：6-10號,南區,灣裡分隊,紅
1417,灣裡路506巷,約80m,約1.5m,單號：1-17號.雙號：6-10號,南區,灣裡分隊,紅
1418,灣裡路516巷,約90m,約1.8m,單號：1-11號.雙號：6-12號,南區,灣裡分隊,紅
1419,灣裡路301巷,約140m,約1.8m,單號：1-15號.雙號：2-26號,南區,灣裡分隊,紅
1420,灣裡路282巷117弄,約40m,約1.8m,1-11號(單號),南區,灣裡分隊,紅
1421,灣裡路451巷,約200m,約3.4m,單號：3-11號雙號：6之1-24號,南區,灣裡分隊,紅
1422,省躬一街2巷,約80m,約2.5m,單號：1-35號.雙號：2-22號,南區,灣裡分隊,紅
1423,省躬一街32巷,約60m,約2.7m,單號：1-7號.雙號：2-18號,南區,灣裡分隊,紅
1424,灣裡路227巷,約80m,約1.5m,單號：1-19號.雙號：2-8號,南區,灣裡分隊,紅
1425,灣裡路235巷,約170m,約2.3m,單號：1-19號.雙號：2-32號,南區,灣裡分隊,紅
1426,灣裡路88巷93弄,約320m,約3m,單號：7-59號.雙號：10-94號,南區,灣裡分隊,紅
1427,灣裡路263巷2弄,約80m,約2m,單號：1-9號.雙號：4-10號,南區,灣裡分隊,紅
1428,灣裡路282巷,約500m,約3.6m,單號：1-27號.雙號：6-20號,南區,灣裡分隊,紅
1429,灣裡路263巷12弄,約100m,約2m,單號：1-11號.雙號：4-14號,南區,灣裡分隊,紅
1430,灣裡路211巷70弄,約100m,約2m,單號：1-25號.雙號：2-26號,南區,灣裡分隊,紅
1431,灣裡路263巷49弄,約40m,約2m,2-16號(雙號),南區,灣裡分隊,紅
1432,灣裡路263巷34弄,約80m,約2m,單號：1-19號.雙號：2-8號,南區,灣裡分隊,紅
1433,灣裡路263巷52弄,約150m,約2.5m,單號：1之1-53號雙號：6-10號,南區,灣裡分隊,紅
1434,灣裡路263巷61弄,約140m,約2.5m,單號：3-11之2號.雙號：2之1-14號,南區,灣裡分隊,紅
1435,灣裡路263巷67弄,約230m,約3m,單號：1-1至53號.雙號：8-46號,南區,灣裡分隊,紅
1436,明興路1398巷,約80m,約2.9m,單號：1-5號.雙號：2-8號,南區,灣裡分隊,紅
1437,灣裡路282巷91弄,約90m,約1.2m,單號：1-11號.雙號：6-22號,南區,灣裡分隊,紅
1438,灣裡路263巷73弄,約210m,約2m,單號：1-27號.雙號：2-26號,南區,灣裡分隊,紅
1439,灣裡路263巷95弄,約40m,約2m,2-6號(雙號),南區,灣裡分隊,紅
1440,興南街2巷,約120m,約2m,單號：5-13號.雙號：2-14號,南區,灣裡分隊,紅
1441,灣裡路333巷口,約110m,約2.1m,單號：1-19號.雙號：2-16號,南區,灣裡分隊,紅
1442,灣裡路333巷4弄,約50m,約2.3m,單號：1-7號雙號：2-10之2號,南區,灣裡分隊,紅
1443,灣裡路351巷,約290m,約3.7m,單號：7-13號.雙號：8-12號,南區,灣裡分隊,紅
1444,灣裡路351巷15弄,約150m,約2.7m,單號：1-25號.雙號：2-20號,南區,灣裡分隊,紅
1445,灣裡路351巷12弄,約80m,約3.1m,1-10號,南區,灣裡分隊,紅
1446,灣裡路369巷,約60m,約2.7m,單號：1-13號.雙號：2-12號,南區,灣裡分隊,紅
1447,灣裡路372巷3弄,約60m,約2.3m,單號：3-17號.雙號：4-26號,南區,灣裡分隊,紅
1448,興南街184巷,約230m,約3m,單號：9-41號.雙號：10-58號,南區,灣裡分隊,紅
1449,鯤鯓路115巷,約80m,約7.8m,鯤鯓路115巷,南區,灣裡分隊,黃
1450,喜樹路40巷,約110m,約7.5m,喜樹路40巷1-43.2-44,南區,灣裡分隊,黃
1451,喜樹路56巷,約150m,約7m,喜樹路56巷1-43.2-44,南區,灣裡分隊,黃
1452,喜樹路84巷,約110m,約7m,喜樹路84巷1-43.2-44,南區,灣裡分隊,黃
1453,喜樹路74巷,約140m,約6.8m,喜樹路74巷1-43.2-42,南區,灣裡分隊,黃
1454,喜樹路96巷,約110m,約6.9m,喜樹路96巷1-43.2-42,南區,灣裡分隊,黃
1455,喜樹路104巷,約140m,約4m,喜樹路104巷1-41.2-46,南區,灣裡分隊,黃
1456,喜樹路118巷,約140m,約4.5m,喜樹路118巷1-29.2-46,南區,灣裡分隊,黃
1457,喜樹路134巷,約110m,約5.2m,喜樹路134巷1-25.2-30,南區,灣裡分隊,黃
1458,喜樹路206巷84弄,約50m,約4.2m,喜樹路206巷84弄2-8,南區,灣裡分隊,黃
1459,喜樹路206巷71弄,約40m,約6.6m,喜樹路206巷71弄1-5.2-6,南區,灣裡分隊,黃
1460,喜樹路206巷89弄,約30m,約4.9m,喜樹路206巷89弄,南區,灣裡分隊,黃
1461,喜樹路151巷63弄,約100m,約5.7m,喜樹路151巷63弄1-37.2-38,南區,灣裡分隊,黃
1462,明興路619巷,約1380m,約6m,明興路619巷7-487.2-424之6,南區,灣裡分隊,黃
1463,明興路883巷,約40m,約6m,明興路883巷1-25.2-6,南區,灣裡分隊,黃
1464,明興路1055巷17弄,約175m,約5m,明興路1055巷17弄1-61.2-70,南區,灣裡分隊,黃
1465,明興路1055巷18弄,約40m,約5m,明興路1055巷18弄1-3.2-12,南區,灣裡分隊,黃
1466,明興路1079巷,約80m,約5.3m,明興路1079巷1-11.2-16,南區,灣裡分隊,黃
1467,明興路1285巷30弄,約90m,約5.7m,明興路1285巷30弄1-47.2-80,南區,灣裡分隊,黃
1468,明興路1312巷,約40m,約3.6m,明興路1312巷5-13,南區,灣裡分隊,黃
1469,明興路1365巷,約100m,約5.3m,明興路1365巷1-27.2-34,南區,灣裡分隊,黃
1470,明興路1365巷22弄,約40m,約3.7m,明興路1365巷22弄1-7.2-8,南區,灣裡分隊,黃
1471,灣裡路62巷40弄,約200m,約5m,灣裡路62巷40弄1-53.2-50,南區,灣裡分隊,黃
1472,明興路1395巷9弄,約40m,約3.8m,明興路1395巷9弄1-11.2-8,南區,灣裡分隊,黃
1473,明興路1425巷8弄,約50m,約4.3m,明興路1425巷8弄1-15.2-14,南區,灣裡分隊,黃
1474,明興路1425巷14弄,約80m,約6m,明興路1425巷14弄1-15.2-24,南區,灣裡分隊,黃
1475,灣裡路62巷38弄,約30m,約6m,灣裡路62巷38弄1-3.2-14,南區,灣裡分隊,黃
1476,省躬一街12巷,約90m,約4m,省躬一街12巷1-23.2-22號,南區,灣裡分隊,黃
1477,省躬二街26巷,約30m,約5m,單號：1-19.雙號：2-10號,南區,灣裡分隊,黃
1478,興南街101巷,約70m,約2m,17之1-29.14-16號,南區,灣裡分隊,黃
1479,省躬二街,約130m,約6.5m,省躬二街5-29.2-42號,南區,灣裡分隊,黃
1480,灣裡路282巷,約500m,約5.7m,單號：45-119.雙號：38-150號,南區,灣裡分隊,黃
1481,灣裡路211巷88弄,約30m,約5.7m,6-10之5號,南區,灣裡分隊,黃
1482,灣裡路282巷110弄,約160m,約4.9m,單號：1-33之2.雙號：2-58號,南區,灣裡分隊,黃
1483,大同路一段275巷,約230公尺,1.1,單1至55號 雙6至122號,東區,東門分隊,紅
1484,大同路一段329巷,約125公尺,2.8,單1至11號 雙2至24號,東區,東門分隊,紅
1485,大同路一段45巷,約100公尺,1,單1至31號 雙2至20號,東區,東門分隊,紅
1486,大同路一段51巷,約80公尺,2.6,單1至13號 雙2至14號,東區,東門分隊,紅
1487,大同路一段53巷,約40公尺,1,單3號 雙2至16號,東區,東門分隊,紅
1488,大同路一段71巷,約130公尺,1.5,單1至31號 雙2至28號,東區,東門分隊,紅
1489,大同路一段73巷,約130公尺,3.6,單1至39號 雙2至38號,東區,東門分隊,紅
1490,大學路12巷,約125公尺,2,單1至9號 雙2至24號,東區,東門分隊,紅
1491,大學路18巷,約284公尺,2,單1至33號 雙2至30號,東區,東門分隊,紅
1492,大學路22巷,約250公尺,2,單1至31號 雙2至28號,東區,東門分隊,紅
1493,育樂街117巷,約67公尺,1.5,單3至29號 雙2至30號,東區,東門分隊,紅
1494,育樂街57巷2弄,約45公尺,2.8,單17號 雙6至16號,東區,東門分隊,紅
1495,東門路一段131巷,約165公尺,1,1至19號,東區,東門分隊,紅
1496,東門路一段135巷,約185公尺,2,單1至25號 雙2至26號,東區,東門分隊,紅
1497,東門路二段134巷,約77公尺,2,單1至18號 雙2至22號,東區,東門分隊,紅
1498,東門路二段239巷,約95公尺,2,單1至19號 雙2至22號,東區,東門分隊,紅
1499,東門路二段269巷,約118公尺,2,單1至29號 雙2至44號,東區,東門分隊,紅
1500,東寧路120巷,約250公尺,1.7,單3至99號 雙6至34號,東區,東門分隊,紅
1501,東寧路西段18巷,約100公尺,2.5,單3至27號 雙2至42號,東區,東門分隊,紅
1502,東興路11巷,約90公尺,3,單3至31號 雙2至30號,東區,東門分隊,紅
1503,東興路31巷,約90公尺,2,單1至23號 雙2至16號,東區,東門分隊,紅
1504,光華街119巷,約80公尺,2.7,17至21號,東區,東門分隊,紅
1505,樹林街一段183巷6弄,約80公尺,1.5,單1至41號 雙2至32號,東區,東門分隊,紅
1506,長榮路二段24巷,約200公尺,2,單1至75號 雙2至162號,東區,東門分隊,紅
1507,長榮路二段32巷,約65公尺,3,141至161號,東區,東門分隊,紅
1508,長榮路二段32巷46弄,約65公尺,3,單5至199號 雙14至50號,東區,東門分隊,紅
1509,長榮路三段30巷,約60公尺,2.5,單1至15號 雙4至26號,東區,東門分隊,紅
1510,青年路293巷,約90公尺,2.5,單1號至55號 雙2至56號,東區,東門分隊,紅
1511,勝利路12巷,約100公尺,2.5,雙28號至64號單33至113號,東區,東門分隊,紅
1512,新樓街37巷,約40公尺,2,單1至9號 雙2號至14號,東區,東門分隊,紅
1513,裕農路288巷60弄,約210公尺,2.8,單1至83號 雙2至122號,東區,東門分隊,紅
1514,裕農路288巷70弄,約205公尺,3.2,單1至57號 雙2至64號,東區,東門分隊,紅
1515,裕豐街147巷,約155公尺,2.5,單1至53號 雙2至54號,東區,東門分隊,紅
1516,裕豐街161巷,約70公尺,2.2,單1至23號 雙2至20號,東區,東門分隊,紅
1517,裕豐街163巷,約115公尺,1.8,單3至27號 雙2至54號,東區,東門分隊,紅
1518,裕豐街185巷26弄,約67公尺,2.5,單1至13號 雙2至26號,東區,東門分隊,紅
1519,裕豐街222巷43弄,約40公尺,2.9,單1至11號 雙2至20號,東區,東門分隊,紅
1520,裕豐街242巷,約67公尺,3,單1至21號 雙2至22號,東區,東門分隊,紅
1521,裕豐街84巷,約130公尺,2.5,單1至65號 雙2至28號,東區,東門分隊,紅
1522,德光街58巷,約87公尺,3.2,1至35號,東區,東門分隊,紅
1523,德光街62巷,約90公尺,3.2,單1至31號 雙2至32號,東區,東門分隊,紅
1524,衛國街106巷29弄,約80公尺,2,單1至29號 雙4至14號,東區,東門分隊,紅
1525,大同路一段141巷,約190公尺,3.5,單1至67號 雙8至62號,東區,東門分隊,黃
1526,大同路一段155巷,約200公尺,2,單1至79號 雙2至58號,東區,東門分隊,黃
1527,大同路一段241巷6弄,約75公尺,2.6,單25至45號 雙2至48號,東區,東門分隊,黃
1528,中華東路二段22巷,約145公尺,4,單1至25號 雙2至34號,東區,東門分隊,黃
1529,府連路182巷13弄,約50公尺,2.8,單3至18號 雙6至18號,東區,東門分隊,黃
1530,東門路二段301巷80弄,約90公尺,4,單7至29號 雙2至30號,東區,東門分隊,黃
1531,東門路二段301巷90弄,約90公尺,3,單3至23號 雙2至32號,東區,東門分隊,黃
1532,東門路二段301巷115弄,約95公尺,2.6,單1至31號 雙2至28號,東區,東門分隊,黃
1533,勝利路12巷,約90公尺,4,單1至3號 雙8至28號,東區,東門分隊,黃
1534,裕農路19巷32弄,約154公尺,3,單1至19號 雙2至18號,東區,東門分隊,黃
1535,裕農路291巷,約113公尺,3,單3至55號 雙2至68號,東區,東門分隊,黃
1536,裕農路345巷,約178公尺,4,單3至57號 雙8至66號,東區,東門分隊,黃
1537,裕農路389巷3弄,約120公尺,2.3,單1至25號 雙2至28號,東區,東門分隊,黃
1538,衛國街106巷5弄,約220公尺,2.5,單1至63號 雙2至60號,東區,東門分隊,黃
1539,衛國街106巷17弄,約206公尺,2,單1至65號 雙2至66號,東區,東門分隊,黃
1540,東門路一段267巷,約70公尺,2,5號.6號大樓,東區,東門分隊,藍
1541,裕學路185巷,約416公尺,4,單號1-183號，雙號2-150號,東區,後甲分隊,紅
1542,富農街一段40巷,約85公尺,3,只有單號17-23號,東區,後甲分隊,紅
1543,富農街一段48巷,約170公尺,3.2,單號1-51號，雙號2-36號,東區,後甲分隊,紅
1544,富農街一段89巷,約81公尺,2.2,只有單號1-25號,東區,後甲分隊,紅
1545,富農街二段28巷,約60公尺,1.6,只有雙號28-62號,東區,後甲分隊,紅
1546,富農街二段65巷19弄,約58公尺,3.7,單號1-7號，雙號2-10號,東區,後甲分隊,紅
1547,富農街二段79巷 ,約84公尺,2.3,單號1-13、77、81號，雙號2-14號,東區,後甲分隊,紅
1548,東成街28巷,約40公尺,3.3,單號1-39號，雙號2-40號,東區,後甲分隊,紅
1549,東成街56巷,約112公尺,3.7,只有雙號2-44號,東區,後甲分隊,紅
1550,東成街98巷,約52公尺,2.9,單號1-21號，雙號2-20號,東區,後甲分隊,紅
1551,裕農路621巷30弄,約95公尺,4,單號1-33號，雙號2-16號,東區,後甲分隊,紅
1552,裕農路621巷41弄,約85公尺,3.1,單號11-25號，雙號2-24號,東區,後甲分隊,紅
1553,裕農路621巷72弄,約87公尺,3,單號1-97號，雙號10-12號,東區,後甲分隊,紅
1554,裕農路661巷42弄,約58公尺,4,單號1-13號，雙號2-8號,東區,後甲分隊,紅
1555,裕農路668巷35弄,約235公尺,3.9,單號1-33號，雙號2-52號,東區,後甲分隊,紅
1556,裕農路668巷75弄,約197公尺,3.9,單號1-81號，雙號2-128號,東區,後甲分隊,紅
1557,建東街30巷,約100公尺,4.7,單邊連號1-14號,東區,後甲分隊,紅
1558,建東街35巷,約55公尺,2.2,只有單號1-13號,東區,後甲分隊,紅
1559,建東街37巷,約56公尺,2.2,只有雙號2-30號,東區,後甲分隊,紅
1560,建東街43巷,約147公尺,2.5,單號1-21號，雙號2-12號,東區,後甲分隊,紅
1561,中華東路一段2巷,約126公尺,4,單號1-17號，雙號2-16號,東區,後甲分隊,紅
1562,中華東路二段133巷4弄,約210公尺,3.1,單號1-11號，雙號2-10號,東區,後甲分隊,紅
1563,中華東路二段203巷9弄,約56公尺,1.7,單號1-23號，雙號2-22號,東區,後甲分隊,紅
1564,東門路三段37巷75弄,約130公尺,3.2,單號1-55號，雙號2-42號,東區,後甲分隊,紅
1565,東光路一段5巷,約225公尺,2.2,單號1-31號，雙號2-52號,東區,後甲分隊,紅
1566,東興路20巷,約220公尺,2.2,單號1-147號，雙號4-98號,東區,後甲分隊,紅
1567,東興路40巷,約179公尺,2.5,單號1-13號，雙號2-14號,東區,後甲分隊,紅
1568,東興路118巷,約60公尺,4,連號1至18號,東區,後甲分隊,紅
1569,東興路314巷,約122公尺,2.2,單號1-23號，雙號18-40號,東區,後甲分隊,紅
1570,光明街175巷,約148公尺,2.4,只有雙號2-36號,東區,後甲分隊,紅
1571,光明街201巷,約128公尺,3.7,單號1-27號，雙號2-24號,東區,後甲分隊,紅
1572,小東路198巷6弄,約152公尺,4,單號1-35號，雙號2-34號,東區,後甲分隊,紅
1573,小東路198巷24弄,約89公尺,4,單號1-37號，雙號2-52號,東區,後甲分隊,紅
1574,小東路198巷40弄,約213公尺,4,單號1-35號，雙號2-50號,東區,後甲分隊,紅
1575,小東路254巷2弄,約103公尺,4,單號17-35號，雙號2-24號,東區,後甲分隊,紅
1576,富農街一段188巷,約127公尺,6.6,單號1-99號，雙號2-164號,東區,後甲分隊,黃
1577,富農街一段204巷,約107公尺,4.1,單號1-35號，雙號2-26號,東區,後甲分隊,黃
1578,富農街一段218巷,約110公尺,4.2,單號1-35號，雙號2-22號,東區,後甲分隊,黃
1579,富農街一段232巷,約153公尺,4.6,單號1-23號，雙號2-34號,東區,後甲分隊,黃
1580,富農街一段248巷,約120公尺,4.1,單號1-21號，雙號2-22號,東區,後甲分隊,黃
1581,富農街一段258巷,約92公尺,4.1,單號1-27號，雙號2-30號,東區,後甲分隊,黃
1582,富農街二段73巷,約160公尺,4.7,只有雙號2-20號,東區,後甲分隊,黃
1583,富農街二段92巷,約104公尺,4.7,單號1-21號，雙號2-16號,東區,後甲分隊,黃
1584,裕農路621巷36弄,約95公尺,4.6,單號1-33號，雙號2-16號,東區,後甲分隊,黃
1585,裕農路668巷,約405公尺,4.7,單號1-99號，雙號2-70號,東區,後甲分隊,黃
1586,裕農路726巷3弄,約45公尺,4.3,單號1-5號，雙號2-6號,東區,後甲分隊,黃
1587,裕農路726巷7弄,約42公尺,4.3,單號1-5號，雙號2-6號,東區,後甲分隊,黃
1588,裕農路771巷1弄,約92公尺,5,只有雙號2-40號,東區,後甲分隊,黃
1589,東門路三段37巷55弄,約88公尺,4.3,單號1-27號，雙號2-28號,東區,後甲分隊,黃
1590,東門路三段141巷,約57公尺,4.2,單號13-29號，雙號12-32號,東區,後甲分隊,黃
1591,東門路三段179巷,約488公尺,4.2,只有單號39-93號,東區,後甲分隊,黃
1592,建東街22巷,約98公尺,4.1,單號1-25號，雙號2-28號,東區,後甲分隊,黃
1593,建東街42巷,約97公尺,4.2,只有單號1-43號,東區,後甲分隊,黃
1594,建東街52巷,約99公尺,5.1,單號1-15號，雙號2-16號,東區,後甲分隊,黃
1595,建東街54巷,約138公尺,5.2,單號1-39號，雙號2-54號,東區,後甲分隊,黃
1596,中華東路二段7巷,約79公尺,4.2,只有雙號2-20號,東區,後甲分隊,黃
1597,中華東路二段133巷39弄,約108公尺,6.4,單號1-29號，雙號2-26號,東區,後甲分隊,黃
1598,中華東路二段133巷57弄,約116公尺,6.3,單號1-27號，雙號2-28號,東區,後甲分隊,黃
1599,中華東路二段203巷1弄,約148公尺,6,單號1-21號，雙號2-52號,東區,後甲分隊,黃
1600,中華東路二段203巷17弄,約83公尺,6.4,單號1-21號，雙號2-38號,東區,後甲分隊,黃
1601,中華東路二段243巷12弄,約119公尺,6,只有單號1-37號,東區,後甲分隊,黃
1602,中華東路二段243巷13弄,約43公尺,6,只有單號1-7號,東區,後甲分隊,黃
1603,東興路169巷,約106公尺,6,單號1-25號，雙號6-22號,東區,後甲分隊,黃
1604,東和路57巷,約250公尺,6,只有單號1-19號,東區,後甲分隊,黃
1605,東和路159巷,約188公尺,5.5,單號1-29號，雙號4-28號,東區,後甲分隊,黃
1606,光明街60巷,約109公尺,6.5,單號1-29號，雙號2-34號,東區,後甲分隊,黃
1607,莊敬路21巷,約80公尺,7,國泰麗園大樓2.6.8.20.22號,東區,後甲分隊,藍
1608,富農街一段36巷 ,約90公尺,7,浪琴華大樓28號,東區,後甲分隊,藍
1609,怡東路150巷,約112公尺,7,大鵬新城單號1-29號，雙號2-30號,東區,後甲分隊,藍
1610,東興路199巷,約114公尺,6,大鵬新城1-29號,東區,後甲分隊,藍
